2026-02-07T00:23:03.276+02:00  INFO 6476 --- [procurement-app] [main] c.procurement.ProcurementAppApplication  : Starting ProcurementAppApplication using Java 21.0.10 with PID 6476 (C:\Users\ADMIN\Downloads\procurement-app\procurement-app\target\classes started by ADMIN in C:\Users\ADMIN\Downloads\procurement-app\procurement-app)
2026-02-07T00:23:03.279+02:00 DEBUG 6476 --- [procurement-app] [main] c.procurement.ProcurementAppApplication  : Running with Spring Boot v3.5.10, Spring v6.2.15
2026-02-07T00:23:03.280+02:00  INFO 6476 --- [procurement-app] [main] c.procurement.ProcurementAppApplication  : No active profile set, falling back to 1 default profile: "default"
2026-02-07T00:23:04.145+02:00  INFO 6476 --- [procurement-app] [main] .s.d.r.c.RepositoryConfigurationDelegate : Bootstrapping Spring Data JPA repositories in DEFAULT mode.
2026-02-07T00:23:04.203+02:00  INFO 6476 --- [procurement-app] [main] .s.d.r.c.RepositoryConfigurationDelegate : Finished Spring Data repository scanning in 51 ms. Found 8 JPA repository interfaces.
2026-02-07T00:23:04.638+02:00  INFO 6476 --- [procurement-app] [main] o.s.b.w.embedded.tomcat.TomcatWebServer  : Tomcat initialized with port 8080 (http)
2026-02-07T00:23:04.650+02:00  INFO 6476 --- [procurement-app] [main] o.apache.catalina.core.StandardService   : Starting service [Tomcat]
2026-02-07T00:23:04.650+02:00  INFO 6476 --- [procurement-app] [main] o.apache.catalina.core.StandardEngine    : Starting Servlet engine: [Apache Tomcat/10.1.50]
2026-02-07T00:23:04.686+02:00  INFO 6476 --- [procurement-app] [main] o.a.c.c.C.[Tomcat].[localhost].[/api]    : Initializing Spring embedded WebApplicationContext
2026-02-07T00:23:04.686+02:00  INFO 6476 --- [procurement-app] [main] w.s.c.ServletWebServerApplicationContext : Root WebApplicationContext: initialization completed in 1374 ms
2026-02-07T00:23:04.725+02:00 DEBUG 6476 --- [procurement-app] [main] c.p.security.RateLimitingFilter          : Filter 'rateLimitingFilter' configured for use
2026-02-07T00:23:04.835+02:00  INFO 6476 --- [procurement-app] [main] o.hibernate.jpa.internal.util.LogHelper  : HHH000204: Processing PersistenceUnitInfo [name: default]
2026-02-07T00:23:04.900+02:00  INFO 6476 --- [procurement-app] [main] org.hibernate.Version                    : HHH000412: Hibernate ORM core version 6.6.41.Final
2026-02-07T00:23:04.936+02:00  INFO 6476 --- [procurement-app] [main] o.h.c.internal.RegionFactoryInitiator    : HHH000026: Second-level cache disabled
2026-02-07T00:23:05.145+02:00  INFO 6476 --- [procurement-app] [main] o.s.o.j.p.SpringPersistenceUnitInfo      : No LoadTimeWeaver setup: ignoring JPA class transformer
2026-02-07T00:23:05.175+02:00  INFO 6476 --- [procurement-app] [main] com.zaxxer.hikari.HikariDataSource       : HikariPool-1 - Starting...
2026-02-07T00:23:05.446+02:00  INFO 6476 --- [procurement-app] [main] com.zaxxer.hikari.pool.HikariPool        : HikariPool-1 - Added connection com.mysql.cj.jdbc.ConnectionImpl@572b4072
2026-02-07T00:23:05.447+02:00  INFO 6476 --- [procurement-app] [main] com.zaxxer.hikari.HikariDataSource       : HikariPool-1 - Start completed.
2026-02-07T00:23:05.497+02:00  WARN 6476 --- [procurement-app] [main] org.hibernate.orm.deprecation            : HHH90000025: MySQL8Dialect does not need to be specified explicitly using 'hibernate.dialect' (remove the property setting and it will be selected by default)
2026-02-07T00:23:05.498+02:00  WARN 6476 --- [procurement-app] [main] org.hibernate.orm.deprecation            : HHH90000026: MySQL8Dialect has been deprecated; use org.hibernate.dialect.MySQLDialect instead
2026-02-07T00:23:05.509+02:00  INFO 6476 --- [procurement-app] [main] org.hibernate.orm.connections.pooling    : HHH10001005: Database info:
	Database JDBC URL [Connecting through datasource 'HikariDataSource (HikariPool-1)']
	Database driver: undefined/unknown
	Database version: 8.0
	Autocommit mode: undefined/unknown
	Isolation level: undefined/unknown
	Minimum pool size: undefined/unknown
	Maximum pool size: undefined/unknown
2026-02-07T00:23:06.384+02:00  INFO 6476 --- [procurement-app] [main] o.h.e.t.j.p.i.JtaPlatformInitiator       : HHH000489: No JTA platform available (set 'hibernate.transaction.jta.platform' to enable JTA platform integration)
2026-02-07T00:23:06.546+02:00  INFO 6476 --- [procurement-app] [main] j.LocalContainerEntityManagerFactoryBean : Initialized JPA EntityManagerFactory for persistence unit 'default'
2026-02-07T00:23:06.775+02:00  INFO 6476 --- [procurement-app] [main] o.s.d.j.r.query.QueryEnhancerFactory     : Hibernate is in classpath; If applicable, HQL parser will be used.
2026-02-07T00:23:07.158+02:00  INFO 6476 --- [procurement-app] [main] com.bmglewis.service.JwtService       : JWT service initialized with valid secret key
2026-02-07T00:23:07.237+02:00  INFO 6476 --- [procurement-app] [main] eAuthenticationProviderManagerConfigurer : Global AuthenticationManager configured with AuthenticationProvider bean with name authenticationProvider
2026-02-07T00:23:07.237+02:00  WARN 6476 --- [procurement-app] [main] r$InitializeUserDetailsManagerConfigurer : Global AuthenticationManager configured with an AuthenticationProvider bean. UserDetailsService beans will not be used by Spring Security for automatically configuring username/password login. Consider removing the AuthenticationProvider bean. Alternatively, consider using the UserDetailsService in a manually instantiated DaoAuthenticationProvider. If the current configuration is intentional, to turn off this warning, increase the logging level of 'org.springframework.security.config.annotation.authentication.configuration.InitializeUserDetailsBeanManagerConfigurer' to ERROR
2026-02-07T00:23:07.486+02:00  WARN 6476 --- [procurement-app] [main] JpaBaseConfiguration$JpaWebConfiguration : spring.jpa.open-in-view is enabled by default. Therefore, database queries may be performed during view rendering. Explicitly configure spring.jpa.open-in-view to disable this warning
2026-02-07T00:23:07.741+02:00 DEBUG 6476 --- [procurement-app] [main] o.s.s.web.DefaultSecurityFilterChain     : Will secure any request with filters: DisableEncodeUrlFilter, WebAsyncManagerIntegrationFilter, SecurityContextHolderFilter, HeaderWriterFilter, CorsFilter, LogoutFilter, RateLimitingFilter, JwtAuthenticationFilter, RequestCacheAwareFilter, SecurityContextHolderAwareRequestFilter, AnonymousAuthenticationFilter, SessionManagementFilter, ExceptionTranslationFilter, AuthorizationFilter
2026-02-07T00:23:08.060+02:00  INFO 6476 --- [procurement-app] [main] o.s.b.w.embedded.tomcat.TomcatWebServer  : Tomcat started on port 8080 (http) with context path '/api'
2026-02-07T00:23:08.067+02:00  INFO 6476 --- [procurement-app] [main] c.procurement.ProcurementAppApplication  : Started ProcurementAppApplication in 5.188 seconds (process running for 5.791)
2026-02-07T00:23:08.122+02:00  INFO 6476 --- [procurement-app] [main] com.bmglewis.config.DataInitializer   : Database already initialized, skipping data load.
2026-02-07T00:23:08.122+02:00  WARN 6476 --- [procurement-app] [main] o.s.core.events.SpringDocAppInitializer  : SpringDoc /v3/api-docs endpoint is enabled by default. To disable it in production, set the property 'springdoc.api-docs.enabled=false'
2026-02-07T00:23:08.122+02:00  WARN 6476 --- [procurement-app] [main] o.s.core.events.SpringDocAppInitializer  : SpringDoc /swagger-ui.html endpoint is enabled by default. To disable it in production, set the property 'springdoc.swagger-ui.enabled=false'
2026-02-07T00:23:52.638+02:00  INFO 6476 --- [procurement-app] [http-nio-8080-exec-3] o.a.c.c.C.[Tomcat].[localhost].[/api]    : Initializing Spring DispatcherServlet 'dispatcherServlet'
2026-02-07T00:23:52.638+02:00  INFO 6476 --- [procurement-app] [http-nio-8080-exec-3] o.s.web.servlet.DispatcherServlet        : Initializing Servlet 'dispatcherServlet'
2026-02-07T00:23:52.639+02:00  INFO 6476 --- [procurement-app] [http-nio-8080-exec-3] o.s.web.servlet.DispatcherServlet        : Completed initialization in 1 ms
2026-02-07T00:23:52.660+02:00 DEBUG 6476 --- [procurement-app] [http-nio-8080-exec-3] o.s.security.web.FilterChainProxy        : Securing POST /auth/forgot-password
2026-02-07T00:23:52.684+02:00 DEBUG 6476 --- [procurement-app] [http-nio-8080-exec-3] o.s.s.w.a.AnonymousAuthenticationFilter  : Set SecurityContextHolder to anonymous SecurityContext
2026-02-07T00:23:52.687+02:00 DEBUG 6476 --- [procurement-app] [http-nio-8080-exec-3] o.s.security.web.FilterChainProxy        : Secured POST /auth/forgot-password
2026-02-07T00:23:52.827+02:00  INFO 6476 --- [procurement-app] [http-nio-8080-exec-3] com.bmglewis.service.AuthService      : Password reset request for: byamungulewis@gmail.com
2026-02-07T00:23:53.332+02:00  INFO 6476 --- [procurement-app] [http-nio-8080-exec-3] com.bmglewis.service.EmailService     : Sending password reset email to: byamungulewis@gmail.com
2026-02-07T00:23:53.456+02:00 ERROR 6476 --- [procurement-app] [http-nio-8080-exec-3] org.thymeleaf.TemplateEngine             : [THYMELEAF][http-nio-8080-exec-3] Exception processing template "password-reset": An error happened during template parsing (template: "templates/email/password-reset.html")

org.thymeleaf.exceptions.TemplateInputException: An error happened during template parsing (template: "templates/email/password-reset.html")
	at org.thymeleaf.templateparser.markup.AbstractMarkupTemplateParser.parse(AbstractMarkupTemplateParser.java:235) ~[thymeleaf-3.1.3.RELEASE.jar:3.1.3.RELEASE]
	at org.thymeleaf.templateparser.markup.AbstractMarkupTemplateParser.parseStandalone(AbstractMarkupTemplateParser.java:100) ~[thymeleaf-3.1.3.RELEASE.jar:3.1.3.RELEASE]
	at org.thymeleaf.engine.TemplateManager.parseAndProcess(TemplateManager.java:666) ~[thymeleaf-3.1.3.RELEASE.jar:3.1.3.RELEASE]
	at org.thymeleaf.TemplateEngine.process(TemplateEngine.java:1103) ~[thymeleaf-3.1.3.RELEASE.jar:3.1.3.RELEASE]
	at org.thymeleaf.TemplateEngine.process(TemplateEngine.java:1064) ~[thymeleaf-3.1.3.RELEASE.jar:3.1.3.RELEASE]
	at org.thymeleaf.TemplateEngine.process(TemplateEngine.java:1053) ~[thymeleaf-3.1.3.RELEASE.jar:3.1.3.RELEASE]
	at com.bmglewis.service.EmailService.buildEmailFromTemplate(EmailService.java:81) ~[classes/:na]
	at com.bmglewis.service.EmailService.sendPasswordResetEmail(EmailService.java:96) ~[classes/:na]
	at com.bmglewis.service.AuthService.forgotPassword(AuthService.java:332) ~[classes/:na]
	at java.base/jdk.internal.reflect.DirectMethodHandleAccessor.invoke(DirectMethodHandleAccessor.java:103) ~[na:na]
	at java.base/java.lang.reflect.Method.invoke(Method.java:580) ~[na:na]
	at org.springframework.aop.support.AopUtils.invokeJoinpointUsingReflection(AopUtils.java:360) ~[spring-aop-6.2.15.jar:6.2.15]
	at org.springframework.aop.framework.ReflectiveMethodInvocation.invokeJoinpoint(ReflectiveMethodInvocation.java:196) ~[spring-aop-6.2.15.jar:6.2.15]
	at org.springframework.aop.framework.ReflectiveMethodInvocation.proceed(ReflectiveMethodInvocation.java:163) ~[spring-aop-6.2.15.jar:6.2.15]
	at org.springframework.transaction.interceptor.TransactionAspectSupport.invokeWithinTransaction(TransactionAspectSupport.java:380) ~[spring-tx-6.2.15.jar:6.2.15]
	at org.springframework.transaction.interceptor.TransactionInterceptor.invoke(TransactionInterceptor.java:119) ~[spring-tx-6.2.15.jar:6.2.15]
	at org.springframework.aop.framework.ReflectiveMethodInvocation.proceed(ReflectiveMethodInvocation.java:184) ~[spring-aop-6.2.15.jar:6.2.15]
	at org.springframework.aop.framework.CglibAopProxy$DynamicAdvisedInterceptor.intercept(CglibAopProxy.java:728) ~[spring-aop-6.2.15.jar:6.2.15]
	at com.bmglewis.service.AuthService$$SpringCGLIB$$0.forgotPassword(<generated>) ~[classes/:na]
	at com.bmglewis.controller.AuthController.forgotPassword(AuthController.java:108) ~[classes/:na]
	at java.base/jdk.internal.reflect.DirectMethodHandleAccessor.invoke(DirectMethodHandleAccessor.java:103) ~[na:na]
	at java.base/java.lang.reflect.Method.invoke(Method.java:580) ~[na:na]
	at org.springframework.web.method.support.InvocableHandlerMethod.doInvoke(InvocableHandlerMethod.java:258) ~[spring-web-6.2.15.jar:6.2.15]
	at org.springframework.web.method.support.InvocableHandlerMethod.invokeForRequest(InvocableHandlerMethod.java:191) ~[spring-web-6.2.15.jar:6.2.15]
	at org.springframework.web.servlet.mvc.method.annotation.ServletInvocableHandlerMethod.invokeAndHandle(ServletInvocableHandlerMethod.java:118) ~[spring-webmvc-6.2.15.jar:6.2.15]
	at org.springframework.web.servlet.mvc.method.annotation.RequestMappingHandlerAdapter.invokeHandlerMethod(RequestMappingHandlerAdapter.java:991) ~[spring-webmvc-6.2.15.jar:6.2.15]
	at org.springframework.web.servlet.mvc.method.annotation.RequestMappingHandlerAdapter.handleInternal(RequestMappingHandlerAdapter.java:896) ~[spring-webmvc-6.2.15.jar:6.2.15]
	at org.springframework.web.servlet.mvc.method.AbstractHandlerMethodAdapter.handle(AbstractHandlerMethodAdapter.java:87) ~[spring-webmvc-6.2.15.jar:6.2.15]
	at org.springframework.web.servlet.DispatcherServlet.doDispatch(DispatcherServlet.java:1089) ~[spring-webmvc-6.2.15.jar:6.2.15]
	at org.springframework.web.servlet.DispatcherServlet.doService(DispatcherServlet.java:979) ~[spring-webmvc-6.2.15.jar:6.2.15]
	at org.springframework.web.servlet.FrameworkServlet.processRequest(FrameworkServlet.java:1014) ~[spring-webmvc-6.2.15.jar:6.2.15]
	at org.springframework.web.servlet.FrameworkServlet.doPost(FrameworkServlet.java:914) ~[spring-webmvc-6.2.15.jar:6.2.15]
	at jakarta.servlet.http.HttpServlet.service(HttpServlet.java:590) ~[tomcat-embed-core-10.1.50.jar:6.0]
	at org.springframework.web.servlet.FrameworkServlet.service(FrameworkServlet.java:885) ~[spring-webmvc-6.2.15.jar:6.2.15]
	at jakarta.servlet.http.HttpServlet.service(HttpServlet.java:658) ~[tomcat-embed-core-10.1.50.jar:6.0]
	at org.apache.catalina.core.ApplicationFilterChain.internalDoFilter(ApplicationFilterChain.java:193) ~[tomcat-embed-core-10.1.50.jar:10.1.50]
	at org.apache.catalina.core.ApplicationFilterChain.doFilter(ApplicationFilterChain.java:138) ~[tomcat-embed-core-10.1.50.jar:10.1.50]
	at org.apache.tomcat.websocket.server.WsFilter.doFilter(WsFilter.java:51) ~[tomcat-embed-websocket-10.1.50.jar:10.1.50]
	at org.apache.catalina.core.ApplicationFilterChain.internalDoFilter(ApplicationFilterChain.java:162) ~[tomcat-embed-core-10.1.50.jar:10.1.50]
	at org.apache.catalina.core.ApplicationFilterChain.doFilter(ApplicationFilterChain.java:138) ~[tomcat-embed-core-10.1.50.jar:10.1.50]
	at org.springframework.web.filter.OncePerRequestFilter.doFilter(OncePerRequestFilter.java:110) ~[spring-web-6.2.15.jar:6.2.15]
	at org.apache.catalina.core.ApplicationFilterChain.internalDoFilter(ApplicationFilterChain.java:162) ~[tomcat-embed-core-10.1.50.jar:10.1.50]
	at org.apache.catalina.core.ApplicationFilterChain.doFilter(ApplicationFilterChain.java:138) ~[tomcat-embed-core-10.1.50.jar:10.1.50]
	at org.springframework.web.servlet.resource.ResourceUrlEncodingFilter.doFilter(ResourceUrlEncodingFilter.java:66) ~[spring-webmvc-6.2.15.jar:6.2.15]
	at org.apache.catalina.core.ApplicationFilterChain.internalDoFilter(ApplicationFilterChain.java:162) ~[tomcat-embed-core-10.1.50.jar:10.1.50]
	at org.apache.catalina.core.ApplicationFilterChain.doFilter(ApplicationFilterChain.java:138) ~[tomcat-embed-core-10.1.50.jar:10.1.50]
	at org.springframework.web.filter.CompositeFilter$VirtualFilterChain.doFilter(CompositeFilter.java:108) ~[spring-web-6.2.15.jar:6.2.15]
	at org.springframework.web.filter.CompositeFilter$VirtualFilterChain.doFilter(CompositeFilter.java:108) ~[spring-web-6.2.15.jar:6.2.15]
	at org.springframework.security.web.FilterChainProxy.lambda$doFilterInternal$3(FilterChainProxy.java:231) ~[spring-security-web-6.5.7.jar:6.5.7]
	at org.springframework.security.web.FilterChainProxy$VirtualFilterChain.doFilter(FilterChainProxy.java:365) ~[spring-security-web-6.5.7.jar:6.5.7]
	at org.springframework.security.web.access.intercept.AuthorizationFilter.doFilter(AuthorizationFilter.java:101) ~[spring-security-web-6.5.7.jar:6.5.7]
	at org.springframework.security.web.FilterChainProxy$VirtualFilterChain.doFilter(FilterChainProxy.java:374) ~[spring-security-web-6.5.7.jar:6.5.7]
	at org.springframework.security.web.access.ExceptionTranslationFilter.doFilter(ExceptionTranslationFilter.java:125) ~[spring-security-web-6.5.7.jar:6.5.7]
	at org.springframework.security.web.access.ExceptionTranslationFilter.doFilter(ExceptionTranslationFilter.java:119) ~[spring-security-web-6.5.7.jar:6.5.7]
	at org.springframework.security.web.FilterChainProxy$VirtualFilterChain.doFilter(FilterChainProxy.java:374) ~[spring-security-web-6.5.7.jar:6.5.7]
	at org.springframework.security.web.session.SessionManagementFilter.doFilter(SessionManagementFilter.java:131) ~[spring-security-web-6.5.7.jar:6.5.7]
	at org.springframework.security.web.session.SessionManagementFilter.doFilter(SessionManagementFilter.java:85) ~[spring-security-web-6.5.7.jar:6.5.7]
	at org.springframework.security.web.FilterChainProxy$VirtualFilterChain.doFilter(FilterChainProxy.java:374) ~[spring-security-web-6.5.7.jar:6.5.7]
	at org.springframework.security.web.authentication.AnonymousAuthenticationFilter.doFilter(AnonymousAuthenticationFilter.java:100) ~[spring-security-web-6.5.7.jar:6.5.7]
	at org.springframework.security.web.FilterChainProxy$VirtualFilterChain.doFilter(FilterChainProxy.java:374) ~[spring-security-web-6.5.7.jar:6.5.7]
	at org.springframework.security.web.servletapi.SecurityContextHolderAwareRequestFilter.doFilter(SecurityContextHolderAwareRequestFilter.java:179) ~[spring-security-web-6.5.7.jar:6.5.7]
	at org.springframework.security.web.FilterChainProxy$VirtualFilterChain.doFilter(FilterChainProxy.java:374) ~[spring-security-web-6.5.7.jar:6.5.7]
	at org.springframework.security.web.savedrequest.RequestCacheAwareFilter.doFilter(RequestCacheAwareFilter.java:63) ~[spring-security-web-6.5.7.jar:6.5.7]
	at org.springframework.security.web.FilterChainProxy$VirtualFilterChain.doFilter(FilterChainProxy.java:374) ~[spring-security-web-6.5.7.jar:6.5.7]
	at com.bmglewis.security.JwtAuthenticationFilter.doFilterInternal(JwtAuthenticationFilter.java:62) ~[classes/:na]
	at org.springframework.web.filter.OncePerRequestFilter.doFilter(OncePerRequestFilter.java:116) ~[spring-web-6.2.15.jar:6.2.15]
	at org.springframework.security.web.FilterChainProxy$VirtualFilterChain.doFilter(FilterChainProxy.java:374) ~[spring-security-web-6.5.7.jar:6.5.7]
	at com.bmglewis.security.RateLimitingFilter.doFilterInternal(RateLimitingFilter.java:80) ~[classes/:na]
	at org.springframework.web.filter.OncePerRequestFilter.doFilter(OncePerRequestFilter.java:116) ~[spring-web-6.2.15.jar:6.2.15]
	at org.springframework.security.web.FilterChainProxy$VirtualFilterChain.doFilter(FilterChainProxy.java:374) ~[spring-security-web-6.5.7.jar:6.5.7]
	at org.springframework.security.web.authentication.logout.LogoutFilter.doFilter(LogoutFilter.java:107) ~[spring-security-web-6.5.7.jar:6.5.7]
	at org.springframework.security.web.authentication.logout.LogoutFilter.doFilter(LogoutFilter.java:93) ~[spring-security-web-6.5.7.jar:6.5.7]
	at org.springframework.security.web.FilterChainProxy$VirtualFilterChain.doFilter(FilterChainProxy.java:374) ~[spring-security-web-6.5.7.jar:6.5.7]
	at org.springframework.web.filter.CorsFilter.doFilterInternal(CorsFilter.java:91) ~[spring-web-6.2.15.jar:6.2.15]
	at org.springframework.web.filter.OncePerRequestFilter.doFilter(OncePerRequestFilter.java:116) ~[spring-web-6.2.15.jar:6.2.15]
	at org.springframework.security.web.FilterChainProxy$VirtualFilterChain.doFilter(FilterChainProxy.java:374) ~[spring-security-web-6.5.7.jar:6.5.7]
	at org.springframework.security.web.header.HeaderWriterFilter.doHeadersAfter(HeaderWriterFilter.java:90) ~[spring-security-web-6.5.7.jar:6.5.7]
	at org.springframework.security.web.header.HeaderWriterFilter.doFilterInternal(HeaderWriterFilter.java:75) ~[spring-security-web-6.5.7.jar:6.5.7]
	at org.springframework.web.filter.OncePerRequestFilter.doFilter(OncePerRequestFilter.java:116) ~[spring-web-6.2.15.jar:6.2.15]
	at org.springframework.security.web.FilterChainProxy$VirtualFilterChain.doFilter(FilterChainProxy.java:374) ~[spring-security-web-6.5.7.jar:6.5.7]
	at org.springframework.security.web.context.SecurityContextHolderFilter.doFilter(SecurityContextHolderFilter.java:82) ~[spring-security-web-6.5.7.jar:6.5.7]
	at org.springframework.security.web.context.SecurityContextHolderFilter.doFilter(SecurityContextHolderFilter.java:69) ~[spring-security-web-6.5.7.jar:6.5.7]
	at org.springframework.security.web.FilterChainProxy$VirtualFilterChain.doFilter(FilterChainProxy.java:374) ~[spring-security-web-6.5.7.jar:6.5.7]
	at org.springframework.security.web.context.request.async.WebAsyncManagerIntegrationFilter.doFilterInternal(WebAsyncManagerIntegrationFilter.java:62) ~[spring-security-web-6.5.7.jar:6.5.7]
	at org.springframework.web.filter.OncePerRequestFilter.doFilter(OncePerRequestFilter.java:116) ~[spring-web-6.2.15.jar:6.2.15]
	at org.springframework.security.web.FilterChainProxy$VirtualFilterChain.doFilter(FilterChainProxy.java:374) ~[spring-security-web-6.5.7.jar:6.5.7]
	at org.springframework.security.web.session.DisableEncodeUrlFilter.doFilterInternal(DisableEncodeUrlFilter.java:42) ~[spring-security-web-6.5.7.jar:6.5.7]
	at org.springframework.web.filter.OncePerRequestFilter.doFilter(OncePerRequestFilter.java:116) ~[spring-web-6.2.15.jar:6.2.15]
	at org.springframework.security.web.FilterChainProxy$VirtualFilterChain.doFilter(FilterChainProxy.java:374) ~[spring-security-web-6.5.7.jar:6.5.7]
	at org.springframework.security.web.FilterChainProxy.doFilterInternal(FilterChainProxy.java:233) ~[spring-security-web-6.5.7.jar:6.5.7]
	at org.springframework.security.web.FilterChainProxy.doFilter(FilterChainProxy.java:191) ~[spring-security-web-6.5.7.jar:6.5.7]
	at org.springframework.web.filter.CompositeFilter$VirtualFilterChain.doFilter(CompositeFilter.java:113) ~[spring-web-6.2.15.jar:6.2.15]
	at org.springframework.web.filter.ServletRequestPathFilter.doFilter(ServletRequestPathFilter.java:52) ~[spring-web-6.2.15.jar:6.2.15]
	at org.springframework.web.filter.CompositeFilter$VirtualFilterChain.doFilter(CompositeFilter.java:113) ~[spring-web-6.2.15.jar:6.2.15]
	at org.springframework.web.filter.CompositeFilter.doFilter(CompositeFilter.java:74) ~[spring-web-6.2.15.jar:6.2.15]
	at org.springframework.security.config.annotation.web.configuration.WebSecurityConfiguration$CompositeFilterChainProxy.doFilter(WebSecurityConfiguration.java:319) ~[spring-security-config-6.5.7.jar:6.5.7]
	at org.springframework.web.filter.CompositeFilter$VirtualFilterChain.doFilter(CompositeFilter.java:113) ~[spring-web-6.2.15.jar:6.2.15]
	at org.springframework.web.servlet.handler.HandlerMappingIntrospector.lambda$createCacheFilter$4(HandlerMappingIntrospector.java:267) ~[spring-webmvc-6.2.15.jar:6.2.15]
	at org.springframework.web.filter.CompositeFilter$VirtualFilterChain.doFilter(CompositeFilter.java:113) ~[spring-web-6.2.15.jar:6.2.15]
	at org.springframework.web.filter.CompositeFilter.doFilter(CompositeFilter.java:74) ~[spring-web-6.2.15.jar:6.2.15]
	at org.springframework.security.config.annotation.web.configuration.WebMvcSecurityConfiguration$CompositeFilterChainProxy.doFilter(WebMvcSecurityConfiguration.java:240) ~[spring-security-config-6.5.7.jar:6.5.7]
	at org.springframework.web.filter.DelegatingFilterProxy.invokeDelegate(DelegatingFilterProxy.java:362) ~[spring-web-6.2.15.jar:6.2.15]
	at org.springframework.web.filter.DelegatingFilterProxy.doFilter(DelegatingFilterProxy.java:278) ~[spring-web-6.2.15.jar:6.2.15]
	at org.apache.catalina.core.ApplicationFilterChain.internalDoFilter(ApplicationFilterChain.java:162) ~[tomcat-embed-core-10.1.50.jar:10.1.50]
	at org.apache.catalina.core.ApplicationFilterChain.doFilter(ApplicationFilterChain.java:138) ~[tomcat-embed-core-10.1.50.jar:10.1.50]
	at org.springframework.web.filter.RequestContextFilter.doFilterInternal(RequestContextFilter.java:100) ~[spring-web-6.2.15.jar:6.2.15]
	at org.springframework.web.filter.OncePerRequestFilter.doFilter(OncePerRequestFilter.java:116) ~[spring-web-6.2.15.jar:6.2.15]
	at org.apache.catalina.core.ApplicationFilterChain.internalDoFilter(ApplicationFilterChain.java:162) ~[tomcat-embed-core-10.1.50.jar:10.1.50]
	at org.apache.catalina.core.ApplicationFilterChain.doFilter(ApplicationFilterChain.java:138) ~[tomcat-embed-core-10.1.50.jar:10.1.50]
	at org.springframework.web.filter.FormContentFilter.doFilterInternal(FormContentFilter.java:93) ~[spring-web-6.2.15.jar:6.2.15]
	at org.springframework.web.filter.OncePerRequestFilter.doFilter(OncePerRequestFilter.java:116) ~[spring-web-6.2.15.jar:6.2.15]
	at org.apache.catalina.core.ApplicationFilterChain.internalDoFilter(ApplicationFilterChain.java:162) ~[tomcat-embed-core-10.1.50.jar:10.1.50]
	at org.apache.catalina.core.ApplicationFilterChain.doFilter(ApplicationFilterChain.java:138) ~[tomcat-embed-core-10.1.50.jar:10.1.50]
	at org.springframework.web.filter.CharacterEncodingFilter.doFilterInternal(CharacterEncodingFilter.java:201) ~[spring-web-6.2.15.jar:6.2.15]
	at org.springframework.web.filter.OncePerRequestFilter.doFilter(OncePerRequestFilter.java:116) ~[spring-web-6.2.15.jar:6.2.15]
	at org.apache.catalina.core.ApplicationFilterChain.internalDoFilter(ApplicationFilterChain.java:162) ~[tomcat-embed-core-10.1.50.jar:10.1.50]
	at org.apache.catalina.core.ApplicationFilterChain.doFilter(ApplicationFilterChain.java:138) ~[tomcat-embed-core-10.1.50.jar:10.1.50]
	at org.apache.catalina.core.StandardWrapperValve.invoke(StandardWrapperValve.java:165) ~[tomcat-embed-core-10.1.50.jar:10.1.50]
	at org.apache.catalina.core.StandardContextValve.invoke(StandardContextValve.java:88) ~[tomcat-embed-core-10.1.50.jar:10.1.50]
	at org.apache.catalina.authenticator.AuthenticatorBase.invoke(AuthenticatorBase.java:482) ~[tomcat-embed-core-10.1.50.jar:10.1.50]
	at org.apache.catalina.core.StandardHostValve.invoke(StandardHostValve.java:113) ~[tomcat-embed-core-10.1.50.jar:10.1.50]
	at org.apache.catalina.valves.ErrorReportValve.invoke(ErrorReportValve.java:83) ~[tomcat-embed-core-10.1.50.jar:10.1.50]
	at org.apache.catalina.core.StandardEngineValve.invoke(StandardEngineValve.java:72) ~[tomcat-embed-core-10.1.50.jar:10.1.50]
	at org.apache.catalina.connector.CoyoteAdapter.service(CoyoteAdapter.java:342) ~[tomcat-embed-core-10.1.50.jar:10.1.50]
	at org.apache.coyote.http11.Http11Processor.service(Http11Processor.java:399) ~[tomcat-embed-core-10.1.50.jar:10.1.50]
	at org.apache.coyote.AbstractProcessorLight.process(AbstractProcessorLight.java:63) ~[tomcat-embed-core-10.1.50.jar:10.1.50]
	at org.apache.coyote.AbstractProtocol$ConnectionHandler.process(AbstractProtocol.java:903) ~[tomcat-embed-core-10.1.50.jar:10.1.50]
	at org.apache.tomcat.util.net.NioEndpoint$SocketProcessor.doRun(NioEndpoint.java:1774) ~[tomcat-embed-core-10.1.50.jar:10.1.50]
	at org.apache.tomcat.util.net.SocketProcessorBase.run(SocketProcessorBase.java:52) ~[tomcat-embed-core-10.1.50.jar:10.1.50]
	at org.apache.tomcat.util.threads.ThreadPoolExecutor.runWorker(ThreadPoolExecutor.java:973) ~[tomcat-embed-core-10.1.50.jar:10.1.50]
	at org.apache.tomcat.util.threads.ThreadPoolExecutor$Worker.run(ThreadPoolExecutor.java:491) ~[tomcat-embed-core-10.1.50.jar:10.1.50]
	at org.apache.tomcat.util.threads.TaskThread$WrappingRunnable.run(TaskThread.java:63) ~[tomcat-embed-core-10.1.50.jar:10.1.50]
	at java.base/java.lang.Thread.run(Thread.java:1583) ~[na:na]
Caused by: java.io.FileNotFoundException: ClassLoader resource "templates/email/password-reset.html" could not be resolved
	at org.thymeleaf.templateresource.ClassLoaderTemplateResource.reader(ClassLoaderTemplateResource.java:130) ~[thymeleaf-3.1.3.RELEASE.jar:3.1.3.RELEASE]
	at org.thymeleaf.templateparser.markup.AbstractMarkupTemplateParser.parse(AbstractMarkupTemplateParser.java:223) ~[thymeleaf-3.1.3.RELEASE.jar:3.1.3.RELEASE]
	... 132 common frames omitted

2026-02-07T00:23:53.469+02:00 ERROR 6476 --- [procurement-app] [http-nio-8080-exec-3] c.p.exception.GlobalExceptionHandler     : Unexpected error occurred: 

org.thymeleaf.exceptions.TemplateInputException: An error happened during template parsing (template: "templates/email/password-reset.html")
	at org.thymeleaf.templateparser.markup.AbstractMarkupTemplateParser.parse(AbstractMarkupTemplateParser.java:235) ~[thymeleaf-3.1.3.RELEASE.jar:3.1.3.RELEASE]
	at org.thymeleaf.templateparser.markup.AbstractMarkupTemplateParser.parseStandalone(AbstractMarkupTemplateParser.java:100) ~[thymeleaf-3.1.3.RELEASE.jar:3.1.3.RELEASE]
	at org.thymeleaf.engine.TemplateManager.parseAndProcess(TemplateManager.java:666) ~[thymeleaf-3.1.3.RELEASE.jar:3.1.3.RELEASE]
	at org.thymeleaf.TemplateEngine.process(TemplateEngine.java:1103) ~[thymeleaf-3.1.3.RELEASE.jar:3.1.3.RELEASE]
	at org.thymeleaf.TemplateEngine.process(TemplateEngine.java:1064) ~[thymeleaf-3.1.3.RELEASE.jar:3.1.3.RELEASE]
	at org.thymeleaf.TemplateEngine.process(TemplateEngine.java:1053) ~[thymeleaf-3.1.3.RELEASE.jar:3.1.3.RELEASE]
	at com.bmglewis.service.EmailService.buildEmailFromTemplate(EmailService.java:81) ~[classes/:na]
	at com.bmglewis.service.EmailService.sendPasswordResetEmail(EmailService.java:96) ~[classes/:na]
	at com.bmglewis.service.AuthService.forgotPassword(AuthService.java:332) ~[classes/:na]
	at java.base/jdk.internal.reflect.DirectMethodHandleAccessor.invoke(DirectMethodHandleAccessor.java:103) ~[na:na]
	at java.base/java.lang.reflect.Method.invoke(Method.java:580) ~[na:na]
	at org.springframework.aop.support.AopUtils.invokeJoinpointUsingReflection(AopUtils.java:360) ~[spring-aop-6.2.15.jar:6.2.15]
	at org.springframework.aop.framework.ReflectiveMethodInvocation.invokeJoinpoint(ReflectiveMethodInvocation.java:196) ~[spring-aop-6.2.15.jar:6.2.15]
	at org.springframework.aop.framework.ReflectiveMethodInvocation.proceed(ReflectiveMethodInvocation.java:163) ~[spring-aop-6.2.15.jar:6.2.15]
	at org.springframework.transaction.interceptor.TransactionAspectSupport.invokeWithinTransaction(TransactionAspectSupport.java:380) ~[spring-tx-6.2.15.jar:6.2.15]
	at org.springframework.transaction.interceptor.TransactionInterceptor.invoke(TransactionInterceptor.java:119) ~[spring-tx-6.2.15.jar:6.2.15]
	at org.springframework.aop.framework.ReflectiveMethodInvocation.proceed(ReflectiveMethodInvocation.java:184) ~[spring-aop-6.2.15.jar:6.2.15]
	at org.springframework.aop.framework.CglibAopProxy$DynamicAdvisedInterceptor.intercept(CglibAopProxy.java:728) ~[spring-aop-6.2.15.jar:6.2.15]
	at com.bmglewis.service.AuthService$$SpringCGLIB$$0.forgotPassword(<generated>) ~[classes/:na]
	at com.bmglewis.controller.AuthController.forgotPassword(AuthController.java:108) ~[classes/:na]
	at java.base/jdk.internal.reflect.DirectMethodHandleAccessor.invoke(DirectMethodHandleAccessor.java:103) ~[na:na]
	at java.base/java.lang.reflect.Method.invoke(Method.java:580) ~[na:na]
	at org.springframework.web.method.support.InvocableHandlerMethod.doInvoke(InvocableHandlerMethod.java:258) ~[spring-web-6.2.15.jar:6.2.15]
	at org.springframework.web.method.support.InvocableHandlerMethod.invokeForRequest(InvocableHandlerMethod.java:191) ~[spring-web-6.2.15.jar:6.2.15]
	at org.springframework.web.servlet.mvc.method.annotation.ServletInvocableHandlerMethod.invokeAndHandle(ServletInvocableHandlerMethod.java:118) ~[spring-webmvc-6.2.15.jar:6.2.15]
	at org.springframework.web.servlet.mvc.method.annotation.RequestMappingHandlerAdapter.invokeHandlerMethod(RequestMappingHandlerAdapter.java:991) ~[spring-webmvc-6.2.15.jar:6.2.15]
	at org.springframework.web.servlet.mvc.method.annotation.RequestMappingHandlerAdapter.handleInternal(RequestMappingHandlerAdapter.java:896) ~[spring-webmvc-6.2.15.jar:6.2.15]
	at org.springframework.web.servlet.mvc.method.AbstractHandlerMethodAdapter.handle(AbstractHandlerMethodAdapter.java:87) ~[spring-webmvc-6.2.15.jar:6.2.15]
	at org.springframework.web.servlet.DispatcherServlet.doDispatch(DispatcherServlet.java:1089) ~[spring-webmvc-6.2.15.jar:6.2.15]
	at org.springframework.web.servlet.DispatcherServlet.doService(DispatcherServlet.java:979) ~[spring-webmvc-6.2.15.jar:6.2.15]
	at org.springframework.web.servlet.FrameworkServlet.processRequest(FrameworkServlet.java:1014) ~[spring-webmvc-6.2.15.jar:6.2.15]
	at org.springframework.web.servlet.FrameworkServlet.doPost(FrameworkServlet.java:914) ~[spring-webmvc-6.2.15.jar:6.2.15]
	at jakarta.servlet.http.HttpServlet.service(HttpServlet.java:590) ~[tomcat-embed-core-10.1.50.jar:6.0]
	at org.springframework.web.servlet.FrameworkServlet.service(FrameworkServlet.java:885) ~[spring-webmvc-6.2.15.jar:6.2.15]
	at jakarta.servlet.http.HttpServlet.service(HttpServlet.java:658) ~[tomcat-embed-core-10.1.50.jar:6.0]
	at org.apache.catalina.core.ApplicationFilterChain.internalDoFilter(ApplicationFilterChain.java:193) ~[tomcat-embed-core-10.1.50.jar:10.1.50]
	at org.apache.catalina.core.ApplicationFilterChain.doFilter(ApplicationFilterChain.java:138) ~[tomcat-embed-core-10.1.50.jar:10.1.50]
	at org.apache.tomcat.websocket.server.WsFilter.doFilter(WsFilter.java:51) ~[tomcat-embed-websocket-10.1.50.jar:10.1.50]
	at org.apache.catalina.core.ApplicationFilterChain.internalDoFilter(ApplicationFilterChain.java:162) ~[tomcat-embed-core-10.1.50.jar:10.1.50]
	at org.apache.catalina.core.ApplicationFilterChain.doFilter(ApplicationFilterChain.java:138) ~[tomcat-embed-core-10.1.50.jar:10.1.50]
	at org.springframework.web.filter.OncePerRequestFilter.doFilter(OncePerRequestFilter.java:110) ~[spring-web-6.2.15.jar:6.2.15]
	at org.apache.catalina.core.ApplicationFilterChain.internalDoFilter(ApplicationFilterChain.java:162) ~[tomcat-embed-core-10.1.50.jar:10.1.50]
	at org.apache.catalina.core.ApplicationFilterChain.doFilter(ApplicationFilterChain.java:138) ~[tomcat-embed-core-10.1.50.jar:10.1.50]
	at org.springframework.web.servlet.resource.ResourceUrlEncodingFilter.doFilter(ResourceUrlEncodingFilter.java:66) ~[spring-webmvc-6.2.15.jar:6.2.15]
	at org.apache.catalina.core.ApplicationFilterChain.internalDoFilter(ApplicationFilterChain.java:162) ~[tomcat-embed-core-10.1.50.jar:10.1.50]
	at org.apache.catalina.core.ApplicationFilterChain.doFilter(ApplicationFilterChain.java:138) ~[tomcat-embed-core-10.1.50.jar:10.1.50]
	at org.springframework.web.filter.CompositeFilter$VirtualFilterChain.doFilter(CompositeFilter.java:108) ~[spring-web-6.2.15.jar:6.2.15]
	at org.springframework.web.filter.CompositeFilter$VirtualFilterChain.doFilter(CompositeFilter.java:108) ~[spring-web-6.2.15.jar:6.2.15]
	at org.springframework.security.web.FilterChainProxy.lambda$doFilterInternal$3(FilterChainProxy.java:231) ~[spring-security-web-6.5.7.jar:6.5.7]
	at org.springframework.security.web.FilterChainProxy$VirtualFilterChain.doFilter(FilterChainProxy.java:365) ~[spring-security-web-6.5.7.jar:6.5.7]
	at org.springframework.security.web.access.intercept.AuthorizationFilter.doFilter(AuthorizationFilter.java:101) ~[spring-security-web-6.5.7.jar:6.5.7]
	at org.springframework.security.web.FilterChainProxy$VirtualFilterChain.doFilter(FilterChainProxy.java:374) ~[spring-security-web-6.5.7.jar:6.5.7]
	at org.springframework.security.web.access.ExceptionTranslationFilter.doFilter(ExceptionTranslationFilter.java:125) ~[spring-security-web-6.5.7.jar:6.5.7]
	at org.springframework.security.web.access.ExceptionTranslationFilter.doFilter(ExceptionTranslationFilter.java:119) ~[spring-security-web-6.5.7.jar:6.5.7]
	at org.springframework.security.web.FilterChainProxy$VirtualFilterChain.doFilter(FilterChainProxy.java:374) ~[spring-security-web-6.5.7.jar:6.5.7]
	at org.springframework.security.web.session.SessionManagementFilter.doFilter(SessionManagementFilter.java:131) ~[spring-security-web-6.5.7.jar:6.5.7]
	at org.springframework.security.web.session.SessionManagementFilter.doFilter(SessionManagementFilter.java:85) ~[spring-security-web-6.5.7.jar:6.5.7]
	at org.springframework.security.web.FilterChainProxy$VirtualFilterChain.doFilter(FilterChainProxy.java:374) ~[spring-security-web-6.5.7.jar:6.5.7]
	at org.springframework.security.web.authentication.AnonymousAuthenticationFilter.doFilter(AnonymousAuthenticationFilter.java:100) ~[spring-security-web-6.5.7.jar:6.5.7]
	at org.springframework.security.web.FilterChainProxy$VirtualFilterChain.doFilter(FilterChainProxy.java:374) ~[spring-security-web-6.5.7.jar:6.5.7]
	at org.springframework.security.web.servletapi.SecurityContextHolderAwareRequestFilter.doFilter(SecurityContextHolderAwareRequestFilter.java:179) ~[spring-security-web-6.5.7.jar:6.5.7]
	at org.springframework.security.web.FilterChainProxy$VirtualFilterChain.doFilter(FilterChainProxy.java:374) ~[spring-security-web-6.5.7.jar:6.5.7]
	at org.springframework.security.web.savedrequest.RequestCacheAwareFilter.doFilter(RequestCacheAwareFilter.java:63) ~[spring-security-web-6.5.7.jar:6.5.7]
	at org.springframework.security.web.FilterChainProxy$VirtualFilterChain.doFilter(FilterChainProxy.java:374) ~[spring-security-web-6.5.7.jar:6.5.7]
	at com.bmglewis.security.JwtAuthenticationFilter.doFilterInternal(JwtAuthenticationFilter.java:62) ~[classes/:na]
	at org.springframework.web.filter.OncePerRequestFilter.doFilter(OncePerRequestFilter.java:116) ~[spring-web-6.2.15.jar:6.2.15]
	at org.springframework.security.web.FilterChainProxy$VirtualFilterChain.doFilter(FilterChainProxy.java:374) ~[spring-security-web-6.5.7.jar:6.5.7]
	at com.bmglewis.security.RateLimitingFilter.doFilterInternal(RateLimitingFilter.java:80) ~[classes/:na]
	at org.springframework.web.filter.OncePerRequestFilter.doFilter(OncePerRequestFilter.java:116) ~[spring-web-6.2.15.jar:6.2.15]
	at org.springframework.security.web.FilterChainProxy$VirtualFilterChain.doFilter(FilterChainProxy.java:374) ~[spring-security-web-6.5.7.jar:6.5.7]
	at org.springframework.security.web.authentication.logout.LogoutFilter.doFilter(LogoutFilter.java:107) ~[spring-security-web-6.5.7.jar:6.5.7]
	at org.springframework.security.web.authentication.logout.LogoutFilter.doFilter(LogoutFilter.java:93) ~[spring-security-web-6.5.7.jar:6.5.7]
	at org.springframework.security.web.FilterChainProxy$VirtualFilterChain.doFilter(FilterChainProxy.java:374) ~[spring-security-web-6.5.7.jar:6.5.7]
	at org.springframework.web.filter.CorsFilter.doFilterInternal(CorsFilter.java:91) ~[spring-web-6.2.15.jar:6.2.15]
	at org.springframework.web.filter.OncePerRequestFilter.doFilter(OncePerRequestFilter.java:116) ~[spring-web-6.2.15.jar:6.2.15]
	at org.springframework.security.web.FilterChainProxy$VirtualFilterChain.doFilter(FilterChainProxy.java:374) ~[spring-security-web-6.5.7.jar:6.5.7]
	at org.springframework.security.web.header.HeaderWriterFilter.doHeadersAfter(HeaderWriterFilter.java:90) ~[spring-security-web-6.5.7.jar:6.5.7]
	at org.springframework.security.web.header.HeaderWriterFilter.doFilterInternal(HeaderWriterFilter.java:75) ~[spring-security-web-6.5.7.jar:6.5.7]
	at org.springframework.web.filter.OncePerRequestFilter.doFilter(OncePerRequestFilter.java:116) ~[spring-web-6.2.15.jar:6.2.15]
	at org.springframework.security.web.FilterChainProxy$VirtualFilterChain.doFilter(FilterChainProxy.java:374) ~[spring-security-web-6.5.7.jar:6.5.7]
	at org.springframework.security.web.context.SecurityContextHolderFilter.doFilter(SecurityContextHolderFilter.java:82) ~[spring-security-web-6.5.7.jar:6.5.7]
	at org.springframework.security.web.context.SecurityContextHolderFilter.doFilter(SecurityContextHolderFilter.java:69) ~[spring-security-web-6.5.7.jar:6.5.7]
	at org.springframework.security.web.FilterChainProxy$VirtualFilterChain.doFilter(FilterChainProxy.java:374) ~[spring-security-web-6.5.7.jar:6.5.7]
	at org.springframework.security.web.context.request.async.WebAsyncManagerIntegrationFilter.doFilterInternal(WebAsyncManagerIntegrationFilter.java:62) ~[spring-security-web-6.5.7.jar:6.5.7]
	at org.springframework.web.filter.OncePerRequestFilter.doFilter(OncePerRequestFilter.java:116) ~[spring-web-6.2.15.jar:6.2.15]
	at org.springframework.security.web.FilterChainProxy$VirtualFilterChain.doFilter(FilterChainProxy.java:374) ~[spring-security-web-6.5.7.jar:6.5.7]
	at org.springframework.security.web.session.DisableEncodeUrlFilter.doFilterInternal(DisableEncodeUrlFilter.java:42) ~[spring-security-web-6.5.7.jar:6.5.7]
	at org.springframework.web.filter.OncePerRequestFilter.doFilter(OncePerRequestFilter.java:116) ~[spring-web-6.2.15.jar:6.2.15]
	at org.springframework.security.web.FilterChainProxy$VirtualFilterChain.doFilter(FilterChainProxy.java:374) ~[spring-security-web-6.5.7.jar:6.5.7]
	at org.springframework.security.web.FilterChainProxy.doFilterInternal(FilterChainProxy.java:233) ~[spring-security-web-6.5.7.jar:6.5.7]
	at org.springframework.security.web.FilterChainProxy.doFilter(FilterChainProxy.java:191) ~[spring-security-web-6.5.7.jar:6.5.7]
	at org.springframework.web.filter.CompositeFilter$VirtualFilterChain.doFilter(CompositeFilter.java:113) ~[spring-web-6.2.15.jar:6.2.15]
	at org.springframework.web.filter.ServletRequestPathFilter.doFilter(ServletRequestPathFilter.java:52) ~[spring-web-6.2.15.jar:6.2.15]
	at org.springframework.web.filter.CompositeFilter$VirtualFilterChain.doFilter(CompositeFilter.java:113) ~[spring-web-6.2.15.jar:6.2.15]
	at org.springframework.web.filter.CompositeFilter.doFilter(CompositeFilter.java:74) ~[spring-web-6.2.15.jar:6.2.15]
	at org.springframework.security.config.annotation.web.configuration.WebSecurityConfiguration$CompositeFilterChainProxy.doFilter(WebSecurityConfiguration.java:319) ~[spring-security-config-6.5.7.jar:6.5.7]
	at org.springframework.web.filter.CompositeFilter$VirtualFilterChain.doFilter(CompositeFilter.java:113) ~[spring-web-6.2.15.jar:6.2.15]
	at org.springframework.web.servlet.handler.HandlerMappingIntrospector.lambda$createCacheFilter$4(HandlerMappingIntrospector.java:267) ~[spring-webmvc-6.2.15.jar:6.2.15]
	at org.springframework.web.filter.CompositeFilter$VirtualFilterChain.doFilter(CompositeFilter.java:113) ~[spring-web-6.2.15.jar:6.2.15]
	at org.springframework.web.filter.CompositeFilter.doFilter(CompositeFilter.java:74) ~[spring-web-6.2.15.jar:6.2.15]
	at org.springframework.security.config.annotation.web.configuration.WebMvcSecurityConfiguration$CompositeFilterChainProxy.doFilter(WebMvcSecurityConfiguration.java:240) ~[spring-security-config-6.5.7.jar:6.5.7]
	at org.springframework.web.filter.DelegatingFilterProxy.invokeDelegate(DelegatingFilterProxy.java:362) ~[spring-web-6.2.15.jar:6.2.15]
	at org.springframework.web.filter.DelegatingFilterProxy.doFilter(DelegatingFilterProxy.java:278) ~[spring-web-6.2.15.jar:6.2.15]
	at org.apache.catalina.core.ApplicationFilterChain.internalDoFilter(ApplicationFilterChain.java:162) ~[tomcat-embed-core-10.1.50.jar:10.1.50]
	at org.apache.catalina.core.ApplicationFilterChain.doFilter(ApplicationFilterChain.java:138) ~[tomcat-embed-core-10.1.50.jar:10.1.50]
	at org.springframework.web.filter.RequestContextFilter.doFilterInternal(RequestContextFilter.java:100) ~[spring-web-6.2.15.jar:6.2.15]
	at org.springframework.web.filter.OncePerRequestFilter.doFilter(OncePerRequestFilter.java:116) ~[spring-web-6.2.15.jar:6.2.15]
	at org.apache.catalina.core.ApplicationFilterChain.internalDoFilter(ApplicationFilterChain.java:162) ~[tomcat-embed-core-10.1.50.jar:10.1.50]
	at org.apache.catalina.core.ApplicationFilterChain.doFilter(ApplicationFilterChain.java:138) ~[tomcat-embed-core-10.1.50.jar:10.1.50]
	at org.springframework.web.filter.FormContentFilter.doFilterInternal(FormContentFilter.java:93) ~[spring-web-6.2.15.jar:6.2.15]
	at org.springframework.web.filter.OncePerRequestFilter.doFilter(OncePerRequestFilter.java:116) ~[spring-web-6.2.15.jar:6.2.15]
	at org.apache.catalina.core.ApplicationFilterChain.internalDoFilter(ApplicationFilterChain.java:162) ~[tomcat-embed-core-10.1.50.jar:10.1.50]
	at org.apache.catalina.core.ApplicationFilterChain.doFilter(ApplicationFilterChain.java:138) ~[tomcat-embed-core-10.1.50.jar:10.1.50]
	at org.springframework.web.filter.CharacterEncodingFilter.doFilterInternal(CharacterEncodingFilter.java:201) ~[spring-web-6.2.15.jar:6.2.15]
	at org.springframework.web.filter.OncePerRequestFilter.doFilter(OncePerRequestFilter.java:116) ~[spring-web-6.2.15.jar:6.2.15]
	at org.apache.catalina.core.ApplicationFilterChain.internalDoFilter(ApplicationFilterChain.java:162) ~[tomcat-embed-core-10.1.50.jar:10.1.50]
	at org.apache.catalina.core.ApplicationFilterChain.doFilter(ApplicationFilterChain.java:138) ~[tomcat-embed-core-10.1.50.jar:10.1.50]
	at org.apache.catalina.core.StandardWrapperValve.invoke(StandardWrapperValve.java:165) ~[tomcat-embed-core-10.1.50.jar:10.1.50]
	at org.apache.catalina.core.StandardContextValve.invoke(StandardContextValve.java:88) ~[tomcat-embed-core-10.1.50.jar:10.1.50]
	at org.apache.catalina.authenticator.AuthenticatorBase.invoke(AuthenticatorBase.java:482) ~[tomcat-embed-core-10.1.50.jar:10.1.50]
	at org.apache.catalina.core.StandardHostValve.invoke(StandardHostValve.java:113) ~[tomcat-embed-core-10.1.50.jar:10.1.50]
	at org.apache.catalina.valves.ErrorReportValve.invoke(ErrorReportValve.java:83) ~[tomcat-embed-core-10.1.50.jar:10.1.50]
	at org.apache.catalina.core.StandardEngineValve.invoke(StandardEngineValve.java:72) ~[tomcat-embed-core-10.1.50.jar:10.1.50]
	at org.apache.catalina.connector.CoyoteAdapter.service(CoyoteAdapter.java:342) ~[tomcat-embed-core-10.1.50.jar:10.1.50]
	at org.apache.coyote.http11.Http11Processor.service(Http11Processor.java:399) ~[tomcat-embed-core-10.1.50.jar:10.1.50]
	at org.apache.coyote.AbstractProcessorLight.process(AbstractProcessorLight.java:63) ~[tomcat-embed-core-10.1.50.jar:10.1.50]
	at org.apache.coyote.AbstractProtocol$ConnectionHandler.process(AbstractProtocol.java:903) ~[tomcat-embed-core-10.1.50.jar:10.1.50]
	at org.apache.tomcat.util.net.NioEndpoint$SocketProcessor.doRun(NioEndpoint.java:1774) ~[tomcat-embed-core-10.1.50.jar:10.1.50]
	at org.apache.tomcat.util.net.SocketProcessorBase.run(SocketProcessorBase.java:52) ~[tomcat-embed-core-10.1.50.jar:10.1.50]
	at org.apache.tomcat.util.threads.ThreadPoolExecutor.runWorker(ThreadPoolExecutor.java:973) ~[tomcat-embed-core-10.1.50.jar:10.1.50]
	at org.apache.tomcat.util.threads.ThreadPoolExecutor$Worker.run(ThreadPoolExecutor.java:491) ~[tomcat-embed-core-10.1.50.jar:10.1.50]
	at org.apache.tomcat.util.threads.TaskThread$WrappingRunnable.run(TaskThread.java:63) ~[tomcat-embed-core-10.1.50.jar:10.1.50]
	at java.base/java.lang.Thread.run(Thread.java:1583) ~[na:na]
Caused by: java.io.FileNotFoundException: ClassLoader resource "templates/email/password-reset.html" could not be resolved
	at org.thymeleaf.templateresource.ClassLoaderTemplateResource.reader(ClassLoaderTemplateResource.java:130) ~[thymeleaf-3.1.3.RELEASE.jar:3.1.3.RELEASE]
	at org.thymeleaf.templateparser.markup.AbstractMarkupTemplateParser.parse(AbstractMarkupTemplateParser.java:223) ~[thymeleaf-3.1.3.RELEASE.jar:3.1.3.RELEASE]
	... 132 common frames omitted

2026-02-07T00:24:52.464+02:00  INFO 6476 --- [procurement-app] [SpringApplicationShutdownHook] o.s.b.w.e.tomcat.GracefulShutdown        : Commencing graceful shutdown. Waiting for active requests to complete
2026-02-07T00:24:52.477+02:00  INFO 6476 --- [procurement-app] [tomcat-shutdown] o.s.b.w.e.tomcat.GracefulShutdown        : Graceful shutdown complete
2026-02-07T00:24:52.483+02:00  INFO 6476 --- [procurement-app] [SpringApplicationShutdownHook] j.LocalContainerEntityManagerFactoryBean : Closing JPA EntityManagerFactory for persistence unit 'default'
2026-02-07T00:24:52.486+02:00  INFO 6476 --- [procurement-app] [SpringApplicationShutdownHook] com.zaxxer.hikari.HikariDataSource       : HikariPool-1 - Shutdown initiated...
2026-02-07T00:24:52.490+02:00  INFO 6476 --- [procurement-app] [SpringApplicationShutdownHook] com.zaxxer.hikari.HikariDataSource       : HikariPool-1 - Shutdown completed.
2026-02-07T00:24:54.880+02:00  INFO 7100 --- [procurement-app] [main] c.procurement.ProcurementAppApplication  : Starting ProcurementAppApplication using Java 21.0.10 with PID 7100 (C:\Users\ADMIN\Downloads\procurement-app\procurement-app\target\classes started by ADMIN in C:\Users\ADMIN\Downloads\procurement-app\procurement-app)
2026-02-07T00:24:54.881+02:00 DEBUG 7100 --- [procurement-app] [main] c.procurement.ProcurementAppApplication  : Running with Spring Boot v3.5.10, Spring v6.2.15
2026-02-07T00:24:54.882+02:00  INFO 7100 --- [procurement-app] [main] c.procurement.ProcurementAppApplication  : No active profile set, falling back to 1 default profile: "default"
2026-02-07T00:24:55.491+02:00  INFO 7100 --- [procurement-app] [main] .s.d.r.c.RepositoryConfigurationDelegate : Bootstrapping Spring Data JPA repositories in DEFAULT mode.
2026-02-07T00:24:55.544+02:00  INFO 7100 --- [procurement-app] [main] .s.d.r.c.RepositoryConfigurationDelegate : Finished Spring Data repository scanning in 48 ms. Found 8 JPA repository interfaces.
2026-02-07T00:24:55.908+02:00  INFO 7100 --- [procurement-app] [main] o.s.b.w.embedded.tomcat.TomcatWebServer  : Tomcat initialized with port 8080 (http)
2026-02-07T00:24:55.918+02:00  INFO 7100 --- [procurement-app] [main] o.apache.catalina.core.StandardService   : Starting service [Tomcat]
2026-02-07T00:24:55.918+02:00  INFO 7100 --- [procurement-app] [main] o.apache.catalina.core.StandardEngine    : Starting Servlet engine: [Apache Tomcat/10.1.50]
2026-02-07T00:24:55.956+02:00  INFO 7100 --- [procurement-app] [main] o.a.c.c.C.[Tomcat].[localhost].[/api]    : Initializing Spring embedded WebApplicationContext
2026-02-07T00:24:55.956+02:00  INFO 7100 --- [procurement-app] [main] w.s.c.ServletWebServerApplicationContext : Root WebApplicationContext: initialization completed in 1048 ms
2026-02-07T00:24:55.994+02:00 DEBUG 7100 --- [procurement-app] [main] c.p.security.RateLimitingFilter          : Filter 'rateLimitingFilter' configured for use
2026-02-07T00:24:56.096+02:00  INFO 7100 --- [procurement-app] [main] o.hibernate.jpa.internal.util.LogHelper  : HHH000204: Processing PersistenceUnitInfo [name: default]
2026-02-07T00:24:56.149+02:00  INFO 7100 --- [procurement-app] [main] org.hibernate.Version                    : HHH000412: Hibernate ORM core version 6.6.41.Final
2026-02-07T00:24:56.178+02:00  INFO 7100 --- [procurement-app] [main] o.h.c.internal.RegionFactoryInitiator    : HHH000026: Second-level cache disabled
2026-02-07T00:24:56.355+02:00  INFO 7100 --- [procurement-app] [main] o.s.o.j.p.SpringPersistenceUnitInfo      : No LoadTimeWeaver setup: ignoring JPA class transformer
2026-02-07T00:24:56.382+02:00  INFO 7100 --- [procurement-app] [main] com.zaxxer.hikari.HikariDataSource       : HikariPool-1 - Starting...
2026-02-07T00:24:56.621+02:00  INFO 7100 --- [procurement-app] [main] com.zaxxer.hikari.pool.HikariPool        : HikariPool-1 - Added connection com.mysql.cj.jdbc.ConnectionImpl@669580e2
2026-02-07T00:24:56.622+02:00  INFO 7100 --- [procurement-app] [main] com.zaxxer.hikari.HikariDataSource       : HikariPool-1 - Start completed.
2026-02-07T00:24:56.657+02:00  WARN 7100 --- [procurement-app] [main] org.hibernate.orm.deprecation            : HHH90000025: MySQL8Dialect does not need to be specified explicitly using 'hibernate.dialect' (remove the property setting and it will be selected by default)
2026-02-07T00:24:56.659+02:00  WARN 7100 --- [procurement-app] [main] org.hibernate.orm.deprecation            : HHH90000026: MySQL8Dialect has been deprecated; use org.hibernate.dialect.MySQLDialect instead
2026-02-07T00:24:56.671+02:00  INFO 7100 --- [procurement-app] [main] org.hibernate.orm.connections.pooling    : HHH10001005: Database info:
	Database JDBC URL [Connecting through datasource 'HikariDataSource (HikariPool-1)']
	Database driver: undefined/unknown
	Database version: 8.0
	Autocommit mode: undefined/unknown
	Isolation level: undefined/unknown
	Minimum pool size: undefined/unknown
	Maximum pool size: undefined/unknown
2026-02-07T00:24:57.433+02:00  INFO 7100 --- [procurement-app] [main] o.h.e.t.j.p.i.JtaPlatformInitiator       : HHH000489: No JTA platform available (set 'hibernate.transaction.jta.platform' to enable JTA platform integration)
2026-02-07T00:24:57.532+02:00  INFO 7100 --- [procurement-app] [main] j.LocalContainerEntityManagerFactoryBean : Initialized JPA EntityManagerFactory for persistence unit 'default'
2026-02-07T00:24:57.727+02:00  INFO 7100 --- [procurement-app] [main] o.s.d.j.r.query.QueryEnhancerFactory     : Hibernate is in classpath; If applicable, HQL parser will be used.
2026-02-07T00:24:58.081+02:00  INFO 7100 --- [procurement-app] [main] com.bmglewis.service.JwtService       : JWT service initialized with valid secret key
2026-02-07T00:24:58.160+02:00  INFO 7100 --- [procurement-app] [main] eAuthenticationProviderManagerConfigurer : Global AuthenticationManager configured with AuthenticationProvider bean with name authenticationProvider
2026-02-07T00:24:58.160+02:00  WARN 7100 --- [procurement-app] [main] r$InitializeUserDetailsManagerConfigurer : Global AuthenticationManager configured with an AuthenticationProvider bean. UserDetailsService beans will not be used by Spring Security for automatically configuring username/password login. Consider removing the AuthenticationProvider bean. Alternatively, consider using the UserDetailsService in a manually instantiated DaoAuthenticationProvider. If the current configuration is intentional, to turn off this warning, increase the logging level of 'org.springframework.security.config.annotation.authentication.configuration.InitializeUserDetailsBeanManagerConfigurer' to ERROR
2026-02-07T00:24:58.380+02:00  WARN 7100 --- [procurement-app] [main] JpaBaseConfiguration$JpaWebConfiguration : spring.jpa.open-in-view is enabled by default. Therefore, database queries may be performed during view rendering. Explicitly configure spring.jpa.open-in-view to disable this warning
2026-02-07T00:24:58.621+02:00 DEBUG 7100 --- [procurement-app] [main] o.s.s.web.DefaultSecurityFilterChain     : Will secure any request with filters: DisableEncodeUrlFilter, WebAsyncManagerIntegrationFilter, SecurityContextHolderFilter, HeaderWriterFilter, CorsFilter, LogoutFilter, RateLimitingFilter, JwtAuthenticationFilter, RequestCacheAwareFilter, SecurityContextHolderAwareRequestFilter, AnonymousAuthenticationFilter, SessionManagementFilter, ExceptionTranslationFilter, AuthorizationFilter
2026-02-07T00:24:58.880+02:00  INFO 7100 --- [procurement-app] [main] o.s.b.w.embedded.tomcat.TomcatWebServer  : Tomcat started on port 8080 (http) with context path '/api'
2026-02-07T00:24:58.885+02:00  INFO 7100 --- [procurement-app] [main] c.procurement.ProcurementAppApplication  : Started ProcurementAppApplication in 4.291 seconds (process running for 4.809)
2026-02-07T00:24:58.935+02:00  INFO 7100 --- [procurement-app] [main] com.bmglewis.config.DataInitializer   : Database already initialized, skipping data load.
2026-02-07T00:24:58.935+02:00  WARN 7100 --- [procurement-app] [main] o.s.core.events.SpringDocAppInitializer  : SpringDoc /v3/api-docs endpoint is enabled by default. To disable it in production, set the property 'springdoc.api-docs.enabled=false'
2026-02-07T00:24:58.935+02:00  WARN 7100 --- [procurement-app] [main] o.s.core.events.SpringDocAppInitializer  : SpringDoc /swagger-ui.html endpoint is enabled by default. To disable it in production, set the property 'springdoc.swagger-ui.enabled=false'
2026-02-07T00:25:10.947+02:00  INFO 7100 --- [procurement-app] [http-nio-8080-exec-1] o.a.c.c.C.[Tomcat].[localhost].[/api]    : Initializing Spring DispatcherServlet 'dispatcherServlet'
2026-02-07T00:25:10.947+02:00  INFO 7100 --- [procurement-app] [http-nio-8080-exec-1] o.s.web.servlet.DispatcherServlet        : Initializing Servlet 'dispatcherServlet'
2026-02-07T00:25:10.948+02:00  INFO 7100 --- [procurement-app] [http-nio-8080-exec-1] o.s.web.servlet.DispatcherServlet        : Completed initialization in 1 ms
2026-02-07T00:25:10.970+02:00 DEBUG 7100 --- [procurement-app] [http-nio-8080-exec-1] o.s.security.web.FilterChainProxy        : Securing POST /auth/forgot-password
2026-02-07T00:25:10.993+02:00 DEBUG 7100 --- [procurement-app] [http-nio-8080-exec-1] o.s.s.w.a.AnonymousAuthenticationFilter  : Set SecurityContextHolder to anonymous SecurityContext
2026-02-07T00:25:10.995+02:00 DEBUG 7100 --- [procurement-app] [http-nio-8080-exec-1] o.s.security.web.FilterChainProxy        : Secured POST /auth/forgot-password
2026-02-07T00:25:11.142+02:00  INFO 7100 --- [procurement-app] [http-nio-8080-exec-1] com.bmglewis.service.AuthService      : Password reset request for: byamungulewis@gmail.com
2026-02-07T00:25:11.629+02:00  INFO 7100 --- [procurement-app] [http-nio-8080-exec-1] com.bmglewis.service.EmailService     : Sending password reset email to: byamungulewis@gmail.com
2026-02-07T00:25:11.842+02:00 ERROR 7100 --- [procurement-app] [http-nio-8080-exec-1] org.thymeleaf.TemplateEngine             : [THYMELEAF][http-nio-8080-exec-1] Exception processing template "password-reset": An error happened during template parsing (template: "templates/email/password-reset.html")

org.thymeleaf.exceptions.TemplateInputException: An error happened during template parsing (template: "templates/email/password-reset.html")
	at org.thymeleaf.templateparser.markup.AbstractMarkupTemplateParser.parse(AbstractMarkupTemplateParser.java:241) ~[thymeleaf-3.1.3.RELEASE.jar:3.1.3.RELEASE]
	at org.thymeleaf.templateparser.markup.AbstractMarkupTemplateParser.parseStandalone(AbstractMarkupTemplateParser.java:100) ~[thymeleaf-3.1.3.RELEASE.jar:3.1.3.RELEASE]
	at org.thymeleaf.engine.TemplateManager.parseAndProcess(TemplateManager.java:666) ~[thymeleaf-3.1.3.RELEASE.jar:3.1.3.RELEASE]
	at org.thymeleaf.TemplateEngine.process(TemplateEngine.java:1103) ~[thymeleaf-3.1.3.RELEASE.jar:3.1.3.RELEASE]
	at org.thymeleaf.TemplateEngine.process(TemplateEngine.java:1064) ~[thymeleaf-3.1.3.RELEASE.jar:3.1.3.RELEASE]
	at org.thymeleaf.TemplateEngine.process(TemplateEngine.java:1053) ~[thymeleaf-3.1.3.RELEASE.jar:3.1.3.RELEASE]
	at com.bmglewis.service.EmailService.buildEmailFromTemplate(EmailService.java:81) ~[classes/:na]
	at com.bmglewis.service.EmailService.sendPasswordResetEmail(EmailService.java:96) ~[classes/:na]
	at com.bmglewis.service.AuthService.forgotPassword(AuthService.java:332) ~[classes/:na]
	at java.base/jdk.internal.reflect.DirectMethodHandleAccessor.invoke(DirectMethodHandleAccessor.java:103) ~[na:na]
	at java.base/java.lang.reflect.Method.invoke(Method.java:580) ~[na:na]
	at org.springframework.aop.support.AopUtils.invokeJoinpointUsingReflection(AopUtils.java:360) ~[spring-aop-6.2.15.jar:6.2.15]
	at org.springframework.aop.framework.ReflectiveMethodInvocation.invokeJoinpoint(ReflectiveMethodInvocation.java:196) ~[spring-aop-6.2.15.jar:6.2.15]
	at org.springframework.aop.framework.ReflectiveMethodInvocation.proceed(ReflectiveMethodInvocation.java:163) ~[spring-aop-6.2.15.jar:6.2.15]
	at org.springframework.transaction.interceptor.TransactionAspectSupport.invokeWithinTransaction(TransactionAspectSupport.java:380) ~[spring-tx-6.2.15.jar:6.2.15]
	at org.springframework.transaction.interceptor.TransactionInterceptor.invoke(TransactionInterceptor.java:119) ~[spring-tx-6.2.15.jar:6.2.15]
	at org.springframework.aop.framework.ReflectiveMethodInvocation.proceed(ReflectiveMethodInvocation.java:184) ~[spring-aop-6.2.15.jar:6.2.15]
	at org.springframework.aop.framework.CglibAopProxy$DynamicAdvisedInterceptor.intercept(CglibAopProxy.java:728) ~[spring-aop-6.2.15.jar:6.2.15]
	at com.bmglewis.service.AuthService$$SpringCGLIB$$0.forgotPassword(<generated>) ~[classes/:na]
	at com.bmglewis.controller.AuthController.forgotPassword(AuthController.java:108) ~[classes/:na]
	at java.base/jdk.internal.reflect.DirectMethodHandleAccessor.invoke(DirectMethodHandleAccessor.java:103) ~[na:na]
	at java.base/java.lang.reflect.Method.invoke(Method.java:580) ~[na:na]
	at org.springframework.web.method.support.InvocableHandlerMethod.doInvoke(InvocableHandlerMethod.java:258) ~[spring-web-6.2.15.jar:6.2.15]
	at org.springframework.web.method.support.InvocableHandlerMethod.invokeForRequest(InvocableHandlerMethod.java:191) ~[spring-web-6.2.15.jar:6.2.15]
	at org.springframework.web.servlet.mvc.method.annotation.ServletInvocableHandlerMethod.invokeAndHandle(ServletInvocableHandlerMethod.java:118) ~[spring-webmvc-6.2.15.jar:6.2.15]
	at org.springframework.web.servlet.mvc.method.annotation.RequestMappingHandlerAdapter.invokeHandlerMethod(RequestMappingHandlerAdapter.java:991) ~[spring-webmvc-6.2.15.jar:6.2.15]
	at org.springframework.web.servlet.mvc.method.annotation.RequestMappingHandlerAdapter.handleInternal(RequestMappingHandlerAdapter.java:896) ~[spring-webmvc-6.2.15.jar:6.2.15]
	at org.springframework.web.servlet.mvc.method.AbstractHandlerMethodAdapter.handle(AbstractHandlerMethodAdapter.java:87) ~[spring-webmvc-6.2.15.jar:6.2.15]
	at org.springframework.web.servlet.DispatcherServlet.doDispatch(DispatcherServlet.java:1089) ~[spring-webmvc-6.2.15.jar:6.2.15]
	at org.springframework.web.servlet.DispatcherServlet.doService(DispatcherServlet.java:979) ~[spring-webmvc-6.2.15.jar:6.2.15]
	at org.springframework.web.servlet.FrameworkServlet.processRequest(FrameworkServlet.java:1014) ~[spring-webmvc-6.2.15.jar:6.2.15]
	at org.springframework.web.servlet.FrameworkServlet.doPost(FrameworkServlet.java:914) ~[spring-webmvc-6.2.15.jar:6.2.15]
	at jakarta.servlet.http.HttpServlet.service(HttpServlet.java:590) ~[tomcat-embed-core-10.1.50.jar:6.0]
	at org.springframework.web.servlet.FrameworkServlet.service(FrameworkServlet.java:885) ~[spring-webmvc-6.2.15.jar:6.2.15]
	at jakarta.servlet.http.HttpServlet.service(HttpServlet.java:658) ~[tomcat-embed-core-10.1.50.jar:6.0]
	at org.apache.catalina.core.ApplicationFilterChain.internalDoFilter(ApplicationFilterChain.java:193) ~[tomcat-embed-core-10.1.50.jar:10.1.50]
	at org.apache.catalina.core.ApplicationFilterChain.doFilter(ApplicationFilterChain.java:138) ~[tomcat-embed-core-10.1.50.jar:10.1.50]
	at org.apache.tomcat.websocket.server.WsFilter.doFilter(WsFilter.java:51) ~[tomcat-embed-websocket-10.1.50.jar:10.1.50]
	at org.apache.catalina.core.ApplicationFilterChain.internalDoFilter(ApplicationFilterChain.java:162) ~[tomcat-embed-core-10.1.50.jar:10.1.50]
	at org.apache.catalina.core.ApplicationFilterChain.doFilter(ApplicationFilterChain.java:138) ~[tomcat-embed-core-10.1.50.jar:10.1.50]
	at org.springframework.web.filter.OncePerRequestFilter.doFilter(OncePerRequestFilter.java:110) ~[spring-web-6.2.15.jar:6.2.15]
	at org.apache.catalina.core.ApplicationFilterChain.internalDoFilter(ApplicationFilterChain.java:162) ~[tomcat-embed-core-10.1.50.jar:10.1.50]
	at org.apache.catalina.core.ApplicationFilterChain.doFilter(ApplicationFilterChain.java:138) ~[tomcat-embed-core-10.1.50.jar:10.1.50]
	at org.springframework.web.servlet.resource.ResourceUrlEncodingFilter.doFilter(ResourceUrlEncodingFilter.java:66) ~[spring-webmvc-6.2.15.jar:6.2.15]
	at org.apache.catalina.core.ApplicationFilterChain.internalDoFilter(ApplicationFilterChain.java:162) ~[tomcat-embed-core-10.1.50.jar:10.1.50]
	at org.apache.catalina.core.ApplicationFilterChain.doFilter(ApplicationFilterChain.java:138) ~[tomcat-embed-core-10.1.50.jar:10.1.50]
	at org.springframework.web.filter.CompositeFilter$VirtualFilterChain.doFilter(CompositeFilter.java:108) ~[spring-web-6.2.15.jar:6.2.15]
	at org.springframework.web.filter.CompositeFilter$VirtualFilterChain.doFilter(CompositeFilter.java:108) ~[spring-web-6.2.15.jar:6.2.15]
	at org.springframework.security.web.FilterChainProxy.lambda$doFilterInternal$3(FilterChainProxy.java:231) ~[spring-security-web-6.5.7.jar:6.5.7]
	at org.springframework.security.web.FilterChainProxy$VirtualFilterChain.doFilter(FilterChainProxy.java:365) ~[spring-security-web-6.5.7.jar:6.5.7]
	at org.springframework.security.web.access.intercept.AuthorizationFilter.doFilter(AuthorizationFilter.java:101) ~[spring-security-web-6.5.7.jar:6.5.7]
	at org.springframework.security.web.FilterChainProxy$VirtualFilterChain.doFilter(FilterChainProxy.java:374) ~[spring-security-web-6.5.7.jar:6.5.7]
	at org.springframework.security.web.access.ExceptionTranslationFilter.doFilter(ExceptionTranslationFilter.java:125) ~[spring-security-web-6.5.7.jar:6.5.7]
	at org.springframework.security.web.access.ExceptionTranslationFilter.doFilter(ExceptionTranslationFilter.java:119) ~[spring-security-web-6.5.7.jar:6.5.7]
	at org.springframework.security.web.FilterChainProxy$VirtualFilterChain.doFilter(FilterChainProxy.java:374) ~[spring-security-web-6.5.7.jar:6.5.7]
	at org.springframework.security.web.session.SessionManagementFilter.doFilter(SessionManagementFilter.java:131) ~[spring-security-web-6.5.7.jar:6.5.7]
	at org.springframework.security.web.session.SessionManagementFilter.doFilter(SessionManagementFilter.java:85) ~[spring-security-web-6.5.7.jar:6.5.7]
	at org.springframework.security.web.FilterChainProxy$VirtualFilterChain.doFilter(FilterChainProxy.java:374) ~[spring-security-web-6.5.7.jar:6.5.7]
	at org.springframework.security.web.authentication.AnonymousAuthenticationFilter.doFilter(AnonymousAuthenticationFilter.java:100) ~[spring-security-web-6.5.7.jar:6.5.7]
	at org.springframework.security.web.FilterChainProxy$VirtualFilterChain.doFilter(FilterChainProxy.java:374) ~[spring-security-web-6.5.7.jar:6.5.7]
	at org.springframework.security.web.servletapi.SecurityContextHolderAwareRequestFilter.doFilter(SecurityContextHolderAwareRequestFilter.java:179) ~[spring-security-web-6.5.7.jar:6.5.7]
	at org.springframework.security.web.FilterChainProxy$VirtualFilterChain.doFilter(FilterChainProxy.java:374) ~[spring-security-web-6.5.7.jar:6.5.7]
	at org.springframework.security.web.savedrequest.RequestCacheAwareFilter.doFilter(RequestCacheAwareFilter.java:63) ~[spring-security-web-6.5.7.jar:6.5.7]
	at org.springframework.security.web.FilterChainProxy$VirtualFilterChain.doFilter(FilterChainProxy.java:374) ~[spring-security-web-6.5.7.jar:6.5.7]
	at com.bmglewis.security.JwtAuthenticationFilter.doFilterInternal(JwtAuthenticationFilter.java:62) ~[classes/:na]
	at org.springframework.web.filter.OncePerRequestFilter.doFilter(OncePerRequestFilter.java:116) ~[spring-web-6.2.15.jar:6.2.15]
	at org.springframework.security.web.FilterChainProxy$VirtualFilterChain.doFilter(FilterChainProxy.java:374) ~[spring-security-web-6.5.7.jar:6.5.7]
	at com.bmglewis.security.RateLimitingFilter.doFilterInternal(RateLimitingFilter.java:80) ~[classes/:na]
	at org.springframework.web.filter.OncePerRequestFilter.doFilter(OncePerRequestFilter.java:116) ~[spring-web-6.2.15.jar:6.2.15]
	at org.springframework.security.web.FilterChainProxy$VirtualFilterChain.doFilter(FilterChainProxy.java:374) ~[spring-security-web-6.5.7.jar:6.5.7]
	at org.springframework.security.web.authentication.logout.LogoutFilter.doFilter(LogoutFilter.java:107) ~[spring-security-web-6.5.7.jar:6.5.7]
	at org.springframework.security.web.authentication.logout.LogoutFilter.doFilter(LogoutFilter.java:93) ~[spring-security-web-6.5.7.jar:6.5.7]
	at org.springframework.security.web.FilterChainProxy$VirtualFilterChain.doFilter(FilterChainProxy.java:374) ~[spring-security-web-6.5.7.jar:6.5.7]
	at org.springframework.web.filter.CorsFilter.doFilterInternal(CorsFilter.java:91) ~[spring-web-6.2.15.jar:6.2.15]
	at org.springframework.web.filter.OncePerRequestFilter.doFilter(OncePerRequestFilter.java:116) ~[spring-web-6.2.15.jar:6.2.15]
	at org.springframework.security.web.FilterChainProxy$VirtualFilterChain.doFilter(FilterChainProxy.java:374) ~[spring-security-web-6.5.7.jar:6.5.7]
	at org.springframework.security.web.header.HeaderWriterFilter.doHeadersAfter(HeaderWriterFilter.java:90) ~[spring-security-web-6.5.7.jar:6.5.7]
	at org.springframework.security.web.header.HeaderWriterFilter.doFilterInternal(HeaderWriterFilter.java:75) ~[spring-security-web-6.5.7.jar:6.5.7]
	at org.springframework.web.filter.OncePerRequestFilter.doFilter(OncePerRequestFilter.java:116) ~[spring-web-6.2.15.jar:6.2.15]
	at org.springframework.security.web.FilterChainProxy$VirtualFilterChain.doFilter(FilterChainProxy.java:374) ~[spring-security-web-6.5.7.jar:6.5.7]
	at org.springframework.security.web.context.SecurityContextHolderFilter.doFilter(SecurityContextHolderFilter.java:82) ~[spring-security-web-6.5.7.jar:6.5.7]
	at org.springframework.security.web.context.SecurityContextHolderFilter.doFilter(SecurityContextHolderFilter.java:69) ~[spring-security-web-6.5.7.jar:6.5.7]
	at org.springframework.security.web.FilterChainProxy$VirtualFilterChain.doFilter(FilterChainProxy.java:374) ~[spring-security-web-6.5.7.jar:6.5.7]
	at org.springframework.security.web.context.request.async.WebAsyncManagerIntegrationFilter.doFilterInternal(WebAsyncManagerIntegrationFilter.java:62) ~[spring-security-web-6.5.7.jar:6.5.7]
	at org.springframework.web.filter.OncePerRequestFilter.doFilter(OncePerRequestFilter.java:116) ~[spring-web-6.2.15.jar:6.2.15]
	at org.springframework.security.web.FilterChainProxy$VirtualFilterChain.doFilter(FilterChainProxy.java:374) ~[spring-security-web-6.5.7.jar:6.5.7]
	at org.springframework.security.web.session.DisableEncodeUrlFilter.doFilterInternal(DisableEncodeUrlFilter.java:42) ~[spring-security-web-6.5.7.jar:6.5.7]
	at org.springframework.web.filter.OncePerRequestFilter.doFilter(OncePerRequestFilter.java:116) ~[spring-web-6.2.15.jar:6.2.15]
	at org.springframework.security.web.FilterChainProxy$VirtualFilterChain.doFilter(FilterChainProxy.java:374) ~[spring-security-web-6.5.7.jar:6.5.7]
	at org.springframework.security.web.FilterChainProxy.doFilterInternal(FilterChainProxy.java:233) ~[spring-security-web-6.5.7.jar:6.5.7]
	at org.springframework.security.web.FilterChainProxy.doFilter(FilterChainProxy.java:191) ~[spring-security-web-6.5.7.jar:6.5.7]
	at org.springframework.web.filter.CompositeFilter$VirtualFilterChain.doFilter(CompositeFilter.java:113) ~[spring-web-6.2.15.jar:6.2.15]
	at org.springframework.web.filter.ServletRequestPathFilter.doFilter(ServletRequestPathFilter.java:52) ~[spring-web-6.2.15.jar:6.2.15]
	at org.springframework.web.filter.CompositeFilter$VirtualFilterChain.doFilter(CompositeFilter.java:113) ~[spring-web-6.2.15.jar:6.2.15]
	at org.springframework.web.filter.CompositeFilter.doFilter(CompositeFilter.java:74) ~[spring-web-6.2.15.jar:6.2.15]
	at org.springframework.security.config.annotation.web.configuration.WebSecurityConfiguration$CompositeFilterChainProxy.doFilter(WebSecurityConfiguration.java:319) ~[spring-security-config-6.5.7.jar:6.5.7]
	at org.springframework.web.filter.CompositeFilter$VirtualFilterChain.doFilter(CompositeFilter.java:113) ~[spring-web-6.2.15.jar:6.2.15]
	at org.springframework.web.servlet.handler.HandlerMappingIntrospector.lambda$createCacheFilter$4(HandlerMappingIntrospector.java:267) ~[spring-webmvc-6.2.15.jar:6.2.15]
	at org.springframework.web.filter.CompositeFilter$VirtualFilterChain.doFilter(CompositeFilter.java:113) ~[spring-web-6.2.15.jar:6.2.15]
	at org.springframework.web.filter.CompositeFilter.doFilter(CompositeFilter.java:74) ~[spring-web-6.2.15.jar:6.2.15]
	at org.springframework.security.config.annotation.web.configuration.WebMvcSecurityConfiguration$CompositeFilterChainProxy.doFilter(WebMvcSecurityConfiguration.java:240) ~[spring-security-config-6.5.7.jar:6.5.7]
	at org.springframework.web.filter.DelegatingFilterProxy.invokeDelegate(DelegatingFilterProxy.java:362) ~[spring-web-6.2.15.jar:6.2.15]
	at org.springframework.web.filter.DelegatingFilterProxy.doFilter(DelegatingFilterProxy.java:278) ~[spring-web-6.2.15.jar:6.2.15]
	at org.apache.catalina.core.ApplicationFilterChain.internalDoFilter(ApplicationFilterChain.java:162) ~[tomcat-embed-core-10.1.50.jar:10.1.50]
	at org.apache.catalina.core.ApplicationFilterChain.doFilter(ApplicationFilterChain.java:138) ~[tomcat-embed-core-10.1.50.jar:10.1.50]
	at org.springframework.web.filter.RequestContextFilter.doFilterInternal(RequestContextFilter.java:100) ~[spring-web-6.2.15.jar:6.2.15]
	at org.springframework.web.filter.OncePerRequestFilter.doFilter(OncePerRequestFilter.java:116) ~[spring-web-6.2.15.jar:6.2.15]
	at org.apache.catalina.core.ApplicationFilterChain.internalDoFilter(ApplicationFilterChain.java:162) ~[tomcat-embed-core-10.1.50.jar:10.1.50]
	at org.apache.catalina.core.ApplicationFilterChain.doFilter(ApplicationFilterChain.java:138) ~[tomcat-embed-core-10.1.50.jar:10.1.50]
	at org.springframework.web.filter.FormContentFilter.doFilterInternal(FormContentFilter.java:93) ~[spring-web-6.2.15.jar:6.2.15]
	at org.springframework.web.filter.OncePerRequestFilter.doFilter(OncePerRequestFilter.java:116) ~[spring-web-6.2.15.jar:6.2.15]
	at org.apache.catalina.core.ApplicationFilterChain.internalDoFilter(ApplicationFilterChain.java:162) ~[tomcat-embed-core-10.1.50.jar:10.1.50]
	at org.apache.catalina.core.ApplicationFilterChain.doFilter(ApplicationFilterChain.java:138) ~[tomcat-embed-core-10.1.50.jar:10.1.50]
	at org.springframework.web.filter.CharacterEncodingFilter.doFilterInternal(CharacterEncodingFilter.java:201) ~[spring-web-6.2.15.jar:6.2.15]
	at org.springframework.web.filter.OncePerRequestFilter.doFilter(OncePerRequestFilter.java:116) ~[spring-web-6.2.15.jar:6.2.15]
	at org.apache.catalina.core.ApplicationFilterChain.internalDoFilter(ApplicationFilterChain.java:162) ~[tomcat-embed-core-10.1.50.jar:10.1.50]
	at org.apache.catalina.core.ApplicationFilterChain.doFilter(ApplicationFilterChain.java:138) ~[tomcat-embed-core-10.1.50.jar:10.1.50]
	at org.apache.catalina.core.StandardWrapperValve.invoke(StandardWrapperValve.java:165) ~[tomcat-embed-core-10.1.50.jar:10.1.50]
	at org.apache.catalina.core.StandardContextValve.invoke(StandardContextValve.java:88) ~[tomcat-embed-core-10.1.50.jar:10.1.50]
	at org.apache.catalina.authenticator.AuthenticatorBase.invoke(AuthenticatorBase.java:482) ~[tomcat-embed-core-10.1.50.jar:10.1.50]
	at org.apache.catalina.core.StandardHostValve.invoke(StandardHostValve.java:113) ~[tomcat-embed-core-10.1.50.jar:10.1.50]
	at org.apache.catalina.valves.ErrorReportValve.invoke(ErrorReportValve.java:83) ~[tomcat-embed-core-10.1.50.jar:10.1.50]
	at org.apache.catalina.core.StandardEngineValve.invoke(StandardEngineValve.java:72) ~[tomcat-embed-core-10.1.50.jar:10.1.50]
	at org.apache.catalina.connector.CoyoteAdapter.service(CoyoteAdapter.java:342) ~[tomcat-embed-core-10.1.50.jar:10.1.50]
	at org.apache.coyote.http11.Http11Processor.service(Http11Processor.java:399) ~[tomcat-embed-core-10.1.50.jar:10.1.50]
	at org.apache.coyote.AbstractProcessorLight.process(AbstractProcessorLight.java:63) ~[tomcat-embed-core-10.1.50.jar:10.1.50]
	at org.apache.coyote.AbstractProtocol$ConnectionHandler.process(AbstractProtocol.java:903) ~[tomcat-embed-core-10.1.50.jar:10.1.50]
	at org.apache.tomcat.util.net.NioEndpoint$SocketProcessor.doRun(NioEndpoint.java:1774) ~[tomcat-embed-core-10.1.50.jar:10.1.50]
	at org.apache.tomcat.util.net.SocketProcessorBase.run(SocketProcessorBase.java:52) ~[tomcat-embed-core-10.1.50.jar:10.1.50]
	at org.apache.tomcat.util.threads.ThreadPoolExecutor.runWorker(ThreadPoolExecutor.java:973) ~[tomcat-embed-core-10.1.50.jar:10.1.50]
	at org.apache.tomcat.util.threads.ThreadPoolExecutor$Worker.run(ThreadPoolExecutor.java:491) ~[tomcat-embed-core-10.1.50.jar:10.1.50]
	at org.apache.tomcat.util.threads.TaskThread$WrappingRunnable.run(TaskThread.java:63) ~[tomcat-embed-core-10.1.50.jar:10.1.50]
	at java.base/java.lang.Thread.run(Thread.java:1583) ~[na:na]
Caused by: org.attoparser.ParseException: Error resolving fragment: "~{base-email :: layout ('_arg0'=~{ :: content})}": template or fragment could not be resolved (template: "password-reset" - line 3, col 7)
	at org.attoparser.MarkupParser.parseDocument(MarkupParser.java:393) ~[attoparser-2.0.7.RELEASE.jar:2.0.7.RELEASE]
	at org.attoparser.MarkupParser.parse(MarkupParser.java:257) ~[attoparser-2.0.7.RELEASE.jar:2.0.7.RELEASE]
	at org.thymeleaf.templateparser.markup.AbstractMarkupTemplateParser.parse(AbstractMarkupTemplateParser.java:230) ~[thymeleaf-3.1.3.RELEASE.jar:3.1.3.RELEASE]
	... 132 common frames omitted
Caused by: org.thymeleaf.exceptions.TemplateInputException: Error resolving fragment: "~{base-email :: layout ('_arg0'=~{ :: content})}": template or fragment could not be resolved (template: "password-reset" - line 3, col 7)
	at org.thymeleaf.standard.expression.FragmentExpression.resolveExecutedFragmentExpression(FragmentExpression.java:598) ~[thymeleaf-3.1.3.RELEASE.jar:3.1.3.RELEASE]
	at org.thymeleaf.standard.processor.AbstractStandardFragmentInsertionTagProcessor.computeFragment(AbstractStandardFragmentInsertionTagProcessor.java:419) ~[thymeleaf-3.1.3.RELEASE.jar:3.1.3.RELEASE]
	at org.thymeleaf.standard.processor.AbstractStandardFragmentInsertionTagProcessor.doProcess(AbstractStandardFragmentInsertionTagProcessor.java:115) ~[thymeleaf-3.1.3.RELEASE.jar:3.1.3.RELEASE]
	at org.thymeleaf.processor.element.AbstractAttributeTagProcessor.doProcess(AbstractAttributeTagProcessor.java:74) ~[thymeleaf-3.1.3.RELEASE.jar:3.1.3.RELEASE]
	at org.thymeleaf.processor.element.AbstractElementTagProcessor.process(AbstractElementTagProcessor.java:95) ~[thymeleaf-3.1.3.RELEASE.jar:3.1.3.RELEASE]
	at org.thymeleaf.util.ProcessorConfigurationUtils$ElementTagProcessorWrapper.process(ProcessorConfigurationUtils.java:633) ~[thymeleaf-3.1.3.RELEASE.jar:3.1.3.RELEASE]
	at org.thymeleaf.engine.ProcessorTemplateHandler.handleOpenElement(ProcessorTemplateHandler.java:1314) ~[thymeleaf-3.1.3.RELEASE.jar:3.1.3.RELEASE]
	at org.thymeleaf.engine.TemplateHandlerAdapterMarkupHandler.handleOpenElementEnd(TemplateHandlerAdapterMarkupHandler.java:304) ~[thymeleaf-3.1.3.RELEASE.jar:3.1.3.RELEASE]
	at org.thymeleaf.templateparser.markup.InlinedOutputExpressionMarkupHandler$InlineMarkupAdapterPreProcessorHandler.handleOpenElementEnd(InlinedOutputExpressionMarkupHandler.java:278) ~[thymeleaf-3.1.3.RELEASE.jar:3.1.3.RELEASE]
	at org.thymeleaf.standard.inline.OutputExpressionInlinePreProcessorHandler.handleOpenElementEnd(OutputExpressionInlinePreProcessorHandler.java:186) ~[thymeleaf-3.1.3.RELEASE.jar:3.1.3.RELEASE]
	at org.thymeleaf.templateparser.markup.InlinedOutputExpressionMarkupHandler.handleOpenElementEnd(InlinedOutputExpressionMarkupHandler.java:124) ~[thymeleaf-3.1.3.RELEASE.jar:3.1.3.RELEASE]
	at org.attoparser.HtmlElement.handleOpenElementEnd(HtmlElement.java:109) ~[attoparser-2.0.7.RELEASE.jar:2.0.7.RELEASE]
	at org.attoparser.HtmlMarkupHandler.handleOpenElementEnd(HtmlMarkupHandler.java:297) ~[attoparser-2.0.7.RELEASE.jar:2.0.7.RELEASE]
	at org.attoparser.MarkupEventProcessorHandler.handleOpenElementEnd(MarkupEventProcessorHandler.java:402) ~[attoparser-2.0.7.RELEASE.jar:2.0.7.RELEASE]
	at org.attoparser.ParsingElementMarkupUtil.parseOpenElement(ParsingElementMarkupUtil.java:159) ~[attoparser-2.0.7.RELEASE.jar:2.0.7.RELEASE]
	at org.attoparser.MarkupParser.parseBuffer(MarkupParser.java:710) ~[attoparser-2.0.7.RELEASE.jar:2.0.7.RELEASE]
	at org.attoparser.MarkupParser.parseDocument(MarkupParser.java:301) ~[attoparser-2.0.7.RELEASE.jar:2.0.7.RELEASE]
	... 134 common frames omitted

2026-02-07T00:25:11.855+02:00 ERROR 7100 --- [procurement-app] [http-nio-8080-exec-1] c.p.exception.GlobalExceptionHandler     : Unexpected error occurred: 

org.thymeleaf.exceptions.TemplateInputException: An error happened during template parsing (template: "templates/email/password-reset.html")
	at org.thymeleaf.templateparser.markup.AbstractMarkupTemplateParser.parse(AbstractMarkupTemplateParser.java:241) ~[thymeleaf-3.1.3.RELEASE.jar:3.1.3.RELEASE]
	at org.thymeleaf.templateparser.markup.AbstractMarkupTemplateParser.parseStandalone(AbstractMarkupTemplateParser.java:100) ~[thymeleaf-3.1.3.RELEASE.jar:3.1.3.RELEASE]
	at org.thymeleaf.engine.TemplateManager.parseAndProcess(TemplateManager.java:666) ~[thymeleaf-3.1.3.RELEASE.jar:3.1.3.RELEASE]
	at org.thymeleaf.TemplateEngine.process(TemplateEngine.java:1103) ~[thymeleaf-3.1.3.RELEASE.jar:3.1.3.RELEASE]
	at org.thymeleaf.TemplateEngine.process(TemplateEngine.java:1064) ~[thymeleaf-3.1.3.RELEASE.jar:3.1.3.RELEASE]
	at org.thymeleaf.TemplateEngine.process(TemplateEngine.java:1053) ~[thymeleaf-3.1.3.RELEASE.jar:3.1.3.RELEASE]
	at com.bmglewis.service.EmailService.buildEmailFromTemplate(EmailService.java:81) ~[classes/:na]
	at com.bmglewis.service.EmailService.sendPasswordResetEmail(EmailService.java:96) ~[classes/:na]
	at com.bmglewis.service.AuthService.forgotPassword(AuthService.java:332) ~[classes/:na]
	at java.base/jdk.internal.reflect.DirectMethodHandleAccessor.invoke(DirectMethodHandleAccessor.java:103) ~[na:na]
	at java.base/java.lang.reflect.Method.invoke(Method.java:580) ~[na:na]
	at org.springframework.aop.support.AopUtils.invokeJoinpointUsingReflection(AopUtils.java:360) ~[spring-aop-6.2.15.jar:6.2.15]
	at org.springframework.aop.framework.ReflectiveMethodInvocation.invokeJoinpoint(ReflectiveMethodInvocation.java:196) ~[spring-aop-6.2.15.jar:6.2.15]
	at org.springframework.aop.framework.ReflectiveMethodInvocation.proceed(ReflectiveMethodInvocation.java:163) ~[spring-aop-6.2.15.jar:6.2.15]
	at org.springframework.transaction.interceptor.TransactionAspectSupport.invokeWithinTransaction(TransactionAspectSupport.java:380) ~[spring-tx-6.2.15.jar:6.2.15]
	at org.springframework.transaction.interceptor.TransactionInterceptor.invoke(TransactionInterceptor.java:119) ~[spring-tx-6.2.15.jar:6.2.15]
	at org.springframework.aop.framework.ReflectiveMethodInvocation.proceed(ReflectiveMethodInvocation.java:184) ~[spring-aop-6.2.15.jar:6.2.15]
	at org.springframework.aop.framework.CglibAopProxy$DynamicAdvisedInterceptor.intercept(CglibAopProxy.java:728) ~[spring-aop-6.2.15.jar:6.2.15]
	at com.bmglewis.service.AuthService$$SpringCGLIB$$0.forgotPassword(<generated>) ~[classes/:na]
	at com.bmglewis.controller.AuthController.forgotPassword(AuthController.java:108) ~[classes/:na]
	at java.base/jdk.internal.reflect.DirectMethodHandleAccessor.invoke(DirectMethodHandleAccessor.java:103) ~[na:na]
	at java.base/java.lang.reflect.Method.invoke(Method.java:580) ~[na:na]
	at org.springframework.web.method.support.InvocableHandlerMethod.doInvoke(InvocableHandlerMethod.java:258) ~[spring-web-6.2.15.jar:6.2.15]
	at org.springframework.web.method.support.InvocableHandlerMethod.invokeForRequest(InvocableHandlerMethod.java:191) ~[spring-web-6.2.15.jar:6.2.15]
	at org.springframework.web.servlet.mvc.method.annotation.ServletInvocableHandlerMethod.invokeAndHandle(ServletInvocableHandlerMethod.java:118) ~[spring-webmvc-6.2.15.jar:6.2.15]
	at org.springframework.web.servlet.mvc.method.annotation.RequestMappingHandlerAdapter.invokeHandlerMethod(RequestMappingHandlerAdapter.java:991) ~[spring-webmvc-6.2.15.jar:6.2.15]
	at org.springframework.web.servlet.mvc.method.annotation.RequestMappingHandlerAdapter.handleInternal(RequestMappingHandlerAdapter.java:896) ~[spring-webmvc-6.2.15.jar:6.2.15]
	at org.springframework.web.servlet.mvc.method.AbstractHandlerMethodAdapter.handle(AbstractHandlerMethodAdapter.java:87) ~[spring-webmvc-6.2.15.jar:6.2.15]
	at org.springframework.web.servlet.DispatcherServlet.doDispatch(DispatcherServlet.java:1089) ~[spring-webmvc-6.2.15.jar:6.2.15]
	at org.springframework.web.servlet.DispatcherServlet.doService(DispatcherServlet.java:979) ~[spring-webmvc-6.2.15.jar:6.2.15]
	at org.springframework.web.servlet.FrameworkServlet.processRequest(FrameworkServlet.java:1014) ~[spring-webmvc-6.2.15.jar:6.2.15]
	at org.springframework.web.servlet.FrameworkServlet.doPost(FrameworkServlet.java:914) ~[spring-webmvc-6.2.15.jar:6.2.15]
	at jakarta.servlet.http.HttpServlet.service(HttpServlet.java:590) ~[tomcat-embed-core-10.1.50.jar:6.0]
	at org.springframework.web.servlet.FrameworkServlet.service(FrameworkServlet.java:885) ~[spring-webmvc-6.2.15.jar:6.2.15]
	at jakarta.servlet.http.HttpServlet.service(HttpServlet.java:658) ~[tomcat-embed-core-10.1.50.jar:6.0]
	at org.apache.catalina.core.ApplicationFilterChain.internalDoFilter(ApplicationFilterChain.java:193) ~[tomcat-embed-core-10.1.50.jar:10.1.50]
	at org.apache.catalina.core.ApplicationFilterChain.doFilter(ApplicationFilterChain.java:138) ~[tomcat-embed-core-10.1.50.jar:10.1.50]
	at org.apache.tomcat.websocket.server.WsFilter.doFilter(WsFilter.java:51) ~[tomcat-embed-websocket-10.1.50.jar:10.1.50]
	at org.apache.catalina.core.ApplicationFilterChain.internalDoFilter(ApplicationFilterChain.java:162) ~[tomcat-embed-core-10.1.50.jar:10.1.50]
	at org.apache.catalina.core.ApplicationFilterChain.doFilter(ApplicationFilterChain.java:138) ~[tomcat-embed-core-10.1.50.jar:10.1.50]
	at org.springframework.web.filter.OncePerRequestFilter.doFilter(OncePerRequestFilter.java:110) ~[spring-web-6.2.15.jar:6.2.15]
	at org.apache.catalina.core.ApplicationFilterChain.internalDoFilter(ApplicationFilterChain.java:162) ~[tomcat-embed-core-10.1.50.jar:10.1.50]
	at org.apache.catalina.core.ApplicationFilterChain.doFilter(ApplicationFilterChain.java:138) ~[tomcat-embed-core-10.1.50.jar:10.1.50]
	at org.springframework.web.servlet.resource.ResourceUrlEncodingFilter.doFilter(ResourceUrlEncodingFilter.java:66) ~[spring-webmvc-6.2.15.jar:6.2.15]
	at org.apache.catalina.core.ApplicationFilterChain.internalDoFilter(ApplicationFilterChain.java:162) ~[tomcat-embed-core-10.1.50.jar:10.1.50]
	at org.apache.catalina.core.ApplicationFilterChain.doFilter(ApplicationFilterChain.java:138) ~[tomcat-embed-core-10.1.50.jar:10.1.50]
	at org.springframework.web.filter.CompositeFilter$VirtualFilterChain.doFilter(CompositeFilter.java:108) ~[spring-web-6.2.15.jar:6.2.15]
	at org.springframework.web.filter.CompositeFilter$VirtualFilterChain.doFilter(CompositeFilter.java:108) ~[spring-web-6.2.15.jar:6.2.15]
	at org.springframework.security.web.FilterChainProxy.lambda$doFilterInternal$3(FilterChainProxy.java:231) ~[spring-security-web-6.5.7.jar:6.5.7]
	at org.springframework.security.web.FilterChainProxy$VirtualFilterChain.doFilter(FilterChainProxy.java:365) ~[spring-security-web-6.5.7.jar:6.5.7]
	at org.springframework.security.web.access.intercept.AuthorizationFilter.doFilter(AuthorizationFilter.java:101) ~[spring-security-web-6.5.7.jar:6.5.7]
	at org.springframework.security.web.FilterChainProxy$VirtualFilterChain.doFilter(FilterChainProxy.java:374) ~[spring-security-web-6.5.7.jar:6.5.7]
	at org.springframework.security.web.access.ExceptionTranslationFilter.doFilter(ExceptionTranslationFilter.java:125) ~[spring-security-web-6.5.7.jar:6.5.7]
	at org.springframework.security.web.access.ExceptionTranslationFilter.doFilter(ExceptionTranslationFilter.java:119) ~[spring-security-web-6.5.7.jar:6.5.7]
	at org.springframework.security.web.FilterChainProxy$VirtualFilterChain.doFilter(FilterChainProxy.java:374) ~[spring-security-web-6.5.7.jar:6.5.7]
	at org.springframework.security.web.session.SessionManagementFilter.doFilter(SessionManagementFilter.java:131) ~[spring-security-web-6.5.7.jar:6.5.7]
	at org.springframework.security.web.session.SessionManagementFilter.doFilter(SessionManagementFilter.java:85) ~[spring-security-web-6.5.7.jar:6.5.7]
	at org.springframework.security.web.FilterChainProxy$VirtualFilterChain.doFilter(FilterChainProxy.java:374) ~[spring-security-web-6.5.7.jar:6.5.7]
	at org.springframework.security.web.authentication.AnonymousAuthenticationFilter.doFilter(AnonymousAuthenticationFilter.java:100) ~[spring-security-web-6.5.7.jar:6.5.7]
	at org.springframework.security.web.FilterChainProxy$VirtualFilterChain.doFilter(FilterChainProxy.java:374) ~[spring-security-web-6.5.7.jar:6.5.7]
	at org.springframework.security.web.servletapi.SecurityContextHolderAwareRequestFilter.doFilter(SecurityContextHolderAwareRequestFilter.java:179) ~[spring-security-web-6.5.7.jar:6.5.7]
	at org.springframework.security.web.FilterChainProxy$VirtualFilterChain.doFilter(FilterChainProxy.java:374) ~[spring-security-web-6.5.7.jar:6.5.7]
	at org.springframework.security.web.savedrequest.RequestCacheAwareFilter.doFilter(RequestCacheAwareFilter.java:63) ~[spring-security-web-6.5.7.jar:6.5.7]
	at org.springframework.security.web.FilterChainProxy$VirtualFilterChain.doFilter(FilterChainProxy.java:374) ~[spring-security-web-6.5.7.jar:6.5.7]
	at com.bmglewis.security.JwtAuthenticationFilter.doFilterInternal(JwtAuthenticationFilter.java:62) ~[classes/:na]
	at org.springframework.web.filter.OncePerRequestFilter.doFilter(OncePerRequestFilter.java:116) ~[spring-web-6.2.15.jar:6.2.15]
	at org.springframework.security.web.FilterChainProxy$VirtualFilterChain.doFilter(FilterChainProxy.java:374) ~[spring-security-web-6.5.7.jar:6.5.7]
	at com.bmglewis.security.RateLimitingFilter.doFilterInternal(RateLimitingFilter.java:80) ~[classes/:na]
	at org.springframework.web.filter.OncePerRequestFilter.doFilter(OncePerRequestFilter.java:116) ~[spring-web-6.2.15.jar:6.2.15]
	at org.springframework.security.web.FilterChainProxy$VirtualFilterChain.doFilter(FilterChainProxy.java:374) ~[spring-security-web-6.5.7.jar:6.5.7]
	at org.springframework.security.web.authentication.logout.LogoutFilter.doFilter(LogoutFilter.java:107) ~[spring-security-web-6.5.7.jar:6.5.7]
	at org.springframework.security.web.authentication.logout.LogoutFilter.doFilter(LogoutFilter.java:93) ~[spring-security-web-6.5.7.jar:6.5.7]
	at org.springframework.security.web.FilterChainProxy$VirtualFilterChain.doFilter(FilterChainProxy.java:374) ~[spring-security-web-6.5.7.jar:6.5.7]
	at org.springframework.web.filter.CorsFilter.doFilterInternal(CorsFilter.java:91) ~[spring-web-6.2.15.jar:6.2.15]
	at org.springframework.web.filter.OncePerRequestFilter.doFilter(OncePerRequestFilter.java:116) ~[spring-web-6.2.15.jar:6.2.15]
	at org.springframework.security.web.FilterChainProxy$VirtualFilterChain.doFilter(FilterChainProxy.java:374) ~[spring-security-web-6.5.7.jar:6.5.7]
	at org.springframework.security.web.header.HeaderWriterFilter.doHeadersAfter(HeaderWriterFilter.java:90) ~[spring-security-web-6.5.7.jar:6.5.7]
	at org.springframework.security.web.header.HeaderWriterFilter.doFilterInternal(HeaderWriterFilter.java:75) ~[spring-security-web-6.5.7.jar:6.5.7]
	at org.springframework.web.filter.OncePerRequestFilter.doFilter(OncePerRequestFilter.java:116) ~[spring-web-6.2.15.jar:6.2.15]
	at org.springframework.security.web.FilterChainProxy$VirtualFilterChain.doFilter(FilterChainProxy.java:374) ~[spring-security-web-6.5.7.jar:6.5.7]
	at org.springframework.security.web.context.SecurityContextHolderFilter.doFilter(SecurityContextHolderFilter.java:82) ~[spring-security-web-6.5.7.jar:6.5.7]
	at org.springframework.security.web.context.SecurityContextHolderFilter.doFilter(SecurityContextHolderFilter.java:69) ~[spring-security-web-6.5.7.jar:6.5.7]
	at org.springframework.security.web.FilterChainProxy$VirtualFilterChain.doFilter(FilterChainProxy.java:374) ~[spring-security-web-6.5.7.jar:6.5.7]
	at org.springframework.security.web.context.request.async.WebAsyncManagerIntegrationFilter.doFilterInternal(WebAsyncManagerIntegrationFilter.java:62) ~[spring-security-web-6.5.7.jar:6.5.7]
	at org.springframework.web.filter.OncePerRequestFilter.doFilter(OncePerRequestFilter.java:116) ~[spring-web-6.2.15.jar:6.2.15]
	at org.springframework.security.web.FilterChainProxy$VirtualFilterChain.doFilter(FilterChainProxy.java:374) ~[spring-security-web-6.5.7.jar:6.5.7]
	at org.springframework.security.web.session.DisableEncodeUrlFilter.doFilterInternal(DisableEncodeUrlFilter.java:42) ~[spring-security-web-6.5.7.jar:6.5.7]
	at org.springframework.web.filter.OncePerRequestFilter.doFilter(OncePerRequestFilter.java:116) ~[spring-web-6.2.15.jar:6.2.15]
	at org.springframework.security.web.FilterChainProxy$VirtualFilterChain.doFilter(FilterChainProxy.java:374) ~[spring-security-web-6.5.7.jar:6.5.7]
	at org.springframework.security.web.FilterChainProxy.doFilterInternal(FilterChainProxy.java:233) ~[spring-security-web-6.5.7.jar:6.5.7]
	at org.springframework.security.web.FilterChainProxy.doFilter(FilterChainProxy.java:191) ~[spring-security-web-6.5.7.jar:6.5.7]
	at org.springframework.web.filter.CompositeFilter$VirtualFilterChain.doFilter(CompositeFilter.java:113) ~[spring-web-6.2.15.jar:6.2.15]
	at org.springframework.web.filter.ServletRequestPathFilter.doFilter(ServletRequestPathFilter.java:52) ~[spring-web-6.2.15.jar:6.2.15]
	at org.springframework.web.filter.CompositeFilter$VirtualFilterChain.doFilter(CompositeFilter.java:113) ~[spring-web-6.2.15.jar:6.2.15]
	at org.springframework.web.filter.CompositeFilter.doFilter(CompositeFilter.java:74) ~[spring-web-6.2.15.jar:6.2.15]
	at org.springframework.security.config.annotation.web.configuration.WebSecurityConfiguration$CompositeFilterChainProxy.doFilter(WebSecurityConfiguration.java:319) ~[spring-security-config-6.5.7.jar:6.5.7]
	at org.springframework.web.filter.CompositeFilter$VirtualFilterChain.doFilter(CompositeFilter.java:113) ~[spring-web-6.2.15.jar:6.2.15]
	at org.springframework.web.servlet.handler.HandlerMappingIntrospector.lambda$createCacheFilter$4(HandlerMappingIntrospector.java:267) ~[spring-webmvc-6.2.15.jar:6.2.15]
	at org.springframework.web.filter.CompositeFilter$VirtualFilterChain.doFilter(CompositeFilter.java:113) ~[spring-web-6.2.15.jar:6.2.15]
	at org.springframework.web.filter.CompositeFilter.doFilter(CompositeFilter.java:74) ~[spring-web-6.2.15.jar:6.2.15]
	at org.springframework.security.config.annotation.web.configuration.WebMvcSecurityConfiguration$CompositeFilterChainProxy.doFilter(WebMvcSecurityConfiguration.java:240) ~[spring-security-config-6.5.7.jar:6.5.7]
	at org.springframework.web.filter.DelegatingFilterProxy.invokeDelegate(DelegatingFilterProxy.java:362) ~[spring-web-6.2.15.jar:6.2.15]
	at org.springframework.web.filter.DelegatingFilterProxy.doFilter(DelegatingFilterProxy.java:278) ~[spring-web-6.2.15.jar:6.2.15]
	at org.apache.catalina.core.ApplicationFilterChain.internalDoFilter(ApplicationFilterChain.java:162) ~[tomcat-embed-core-10.1.50.jar:10.1.50]
	at org.apache.catalina.core.ApplicationFilterChain.doFilter(ApplicationFilterChain.java:138) ~[tomcat-embed-core-10.1.50.jar:10.1.50]
	at org.springframework.web.filter.RequestContextFilter.doFilterInternal(RequestContextFilter.java:100) ~[spring-web-6.2.15.jar:6.2.15]
	at org.springframework.web.filter.OncePerRequestFilter.doFilter(OncePerRequestFilter.java:116) ~[spring-web-6.2.15.jar:6.2.15]
	at org.apache.catalina.core.ApplicationFilterChain.internalDoFilter(ApplicationFilterChain.java:162) ~[tomcat-embed-core-10.1.50.jar:10.1.50]
	at org.apache.catalina.core.ApplicationFilterChain.doFilter(ApplicationFilterChain.java:138) ~[tomcat-embed-core-10.1.50.jar:10.1.50]
	at org.springframework.web.filter.FormContentFilter.doFilterInternal(FormContentFilter.java:93) ~[spring-web-6.2.15.jar:6.2.15]
	at org.springframework.web.filter.OncePerRequestFilter.doFilter(OncePerRequestFilter.java:116) ~[spring-web-6.2.15.jar:6.2.15]
	at org.apache.catalina.core.ApplicationFilterChain.internalDoFilter(ApplicationFilterChain.java:162) ~[tomcat-embed-core-10.1.50.jar:10.1.50]
	at org.apache.catalina.core.ApplicationFilterChain.doFilter(ApplicationFilterChain.java:138) ~[tomcat-embed-core-10.1.50.jar:10.1.50]
	at org.springframework.web.filter.CharacterEncodingFilter.doFilterInternal(CharacterEncodingFilter.java:201) ~[spring-web-6.2.15.jar:6.2.15]
	at org.springframework.web.filter.OncePerRequestFilter.doFilter(OncePerRequestFilter.java:116) ~[spring-web-6.2.15.jar:6.2.15]
	at org.apache.catalina.core.ApplicationFilterChain.internalDoFilter(ApplicationFilterChain.java:162) ~[tomcat-embed-core-10.1.50.jar:10.1.50]
	at org.apache.catalina.core.ApplicationFilterChain.doFilter(ApplicationFilterChain.java:138) ~[tomcat-embed-core-10.1.50.jar:10.1.50]
	at org.apache.catalina.core.StandardWrapperValve.invoke(StandardWrapperValve.java:165) ~[tomcat-embed-core-10.1.50.jar:10.1.50]
	at org.apache.catalina.core.StandardContextValve.invoke(StandardContextValve.java:88) ~[tomcat-embed-core-10.1.50.jar:10.1.50]
	at org.apache.catalina.authenticator.AuthenticatorBase.invoke(AuthenticatorBase.java:482) ~[tomcat-embed-core-10.1.50.jar:10.1.50]
	at org.apache.catalina.core.StandardHostValve.invoke(StandardHostValve.java:113) ~[tomcat-embed-core-10.1.50.jar:10.1.50]
	at org.apache.catalina.valves.ErrorReportValve.invoke(ErrorReportValve.java:83) ~[tomcat-embed-core-10.1.50.jar:10.1.50]
	at org.apache.catalina.core.StandardEngineValve.invoke(StandardEngineValve.java:72) ~[tomcat-embed-core-10.1.50.jar:10.1.50]
	at org.apache.catalina.connector.CoyoteAdapter.service(CoyoteAdapter.java:342) ~[tomcat-embed-core-10.1.50.jar:10.1.50]
	at org.apache.coyote.http11.Http11Processor.service(Http11Processor.java:399) ~[tomcat-embed-core-10.1.50.jar:10.1.50]
	at org.apache.coyote.AbstractProcessorLight.process(AbstractProcessorLight.java:63) ~[tomcat-embed-core-10.1.50.jar:10.1.50]
	at org.apache.coyote.AbstractProtocol$ConnectionHandler.process(AbstractProtocol.java:903) ~[tomcat-embed-core-10.1.50.jar:10.1.50]
	at org.apache.tomcat.util.net.NioEndpoint$SocketProcessor.doRun(NioEndpoint.java:1774) ~[tomcat-embed-core-10.1.50.jar:10.1.50]
	at org.apache.tomcat.util.net.SocketProcessorBase.run(SocketProcessorBase.java:52) ~[tomcat-embed-core-10.1.50.jar:10.1.50]
	at org.apache.tomcat.util.threads.ThreadPoolExecutor.runWorker(ThreadPoolExecutor.java:973) ~[tomcat-embed-core-10.1.50.jar:10.1.50]
	at org.apache.tomcat.util.threads.ThreadPoolExecutor$Worker.run(ThreadPoolExecutor.java:491) ~[tomcat-embed-core-10.1.50.jar:10.1.50]
	at org.apache.tomcat.util.threads.TaskThread$WrappingRunnable.run(TaskThread.java:63) ~[tomcat-embed-core-10.1.50.jar:10.1.50]
	at java.base/java.lang.Thread.run(Thread.java:1583) ~[na:na]
Caused by: org.attoparser.ParseException: Error resolving fragment: "~{base-email :: layout ('_arg0'=~{ :: content})}": template or fragment could not be resolved (template: "password-reset" - line 3, col 7)
	at org.attoparser.MarkupParser.parseDocument(MarkupParser.java:393) ~[attoparser-2.0.7.RELEASE.jar:2.0.7.RELEASE]
	at org.attoparser.MarkupParser.parse(MarkupParser.java:257) ~[attoparser-2.0.7.RELEASE.jar:2.0.7.RELEASE]
	at org.thymeleaf.templateparser.markup.AbstractMarkupTemplateParser.parse(AbstractMarkupTemplateParser.java:230) ~[thymeleaf-3.1.3.RELEASE.jar:3.1.3.RELEASE]
	... 132 common frames omitted
Caused by: org.thymeleaf.exceptions.TemplateInputException: Error resolving fragment: "~{base-email :: layout ('_arg0'=~{ :: content})}": template or fragment could not be resolved (template: "password-reset" - line 3, col 7)
	at org.thymeleaf.standard.expression.FragmentExpression.resolveExecutedFragmentExpression(FragmentExpression.java:598) ~[thymeleaf-3.1.3.RELEASE.jar:3.1.3.RELEASE]
	at org.thymeleaf.standard.processor.AbstractStandardFragmentInsertionTagProcessor.computeFragment(AbstractStandardFragmentInsertionTagProcessor.java:419) ~[thymeleaf-3.1.3.RELEASE.jar:3.1.3.RELEASE]
	at org.thymeleaf.standard.processor.AbstractStandardFragmentInsertionTagProcessor.doProcess(AbstractStandardFragmentInsertionTagProcessor.java:115) ~[thymeleaf-3.1.3.RELEASE.jar:3.1.3.RELEASE]
	at org.thymeleaf.processor.element.AbstractAttributeTagProcessor.doProcess(AbstractAttributeTagProcessor.java:74) ~[thymeleaf-3.1.3.RELEASE.jar:3.1.3.RELEASE]
	at org.thymeleaf.processor.element.AbstractElementTagProcessor.process(AbstractElementTagProcessor.java:95) ~[thymeleaf-3.1.3.RELEASE.jar:3.1.3.RELEASE]
	at org.thymeleaf.util.ProcessorConfigurationUtils$ElementTagProcessorWrapper.process(ProcessorConfigurationUtils.java:633) ~[thymeleaf-3.1.3.RELEASE.jar:3.1.3.RELEASE]
	at org.thymeleaf.engine.ProcessorTemplateHandler.handleOpenElement(ProcessorTemplateHandler.java:1314) ~[thymeleaf-3.1.3.RELEASE.jar:3.1.3.RELEASE]
	at org.thymeleaf.engine.TemplateHandlerAdapterMarkupHandler.handleOpenElementEnd(TemplateHandlerAdapterMarkupHandler.java:304) ~[thymeleaf-3.1.3.RELEASE.jar:3.1.3.RELEASE]
	at org.thymeleaf.templateparser.markup.InlinedOutputExpressionMarkupHandler$InlineMarkupAdapterPreProcessorHandler.handleOpenElementEnd(InlinedOutputExpressionMarkupHandler.java:278) ~[thymeleaf-3.1.3.RELEASE.jar:3.1.3.RELEASE]
	at org.thymeleaf.standard.inline.OutputExpressionInlinePreProcessorHandler.handleOpenElementEnd(OutputExpressionInlinePreProcessorHandler.java:186) ~[thymeleaf-3.1.3.RELEASE.jar:3.1.3.RELEASE]
	at org.thymeleaf.templateparser.markup.InlinedOutputExpressionMarkupHandler.handleOpenElementEnd(InlinedOutputExpressionMarkupHandler.java:124) ~[thymeleaf-3.1.3.RELEASE.jar:3.1.3.RELEASE]
	at org.attoparser.HtmlElement.handleOpenElementEnd(HtmlElement.java:109) ~[attoparser-2.0.7.RELEASE.jar:2.0.7.RELEASE]
	at org.attoparser.HtmlMarkupHandler.handleOpenElementEnd(HtmlMarkupHandler.java:297) ~[attoparser-2.0.7.RELEASE.jar:2.0.7.RELEASE]
	at org.attoparser.MarkupEventProcessorHandler.handleOpenElementEnd(MarkupEventProcessorHandler.java:402) ~[attoparser-2.0.7.RELEASE.jar:2.0.7.RELEASE]
	at org.attoparser.ParsingElementMarkupUtil.parseOpenElement(ParsingElementMarkupUtil.java:159) ~[attoparser-2.0.7.RELEASE.jar:2.0.7.RELEASE]
	at org.attoparser.MarkupParser.parseBuffer(MarkupParser.java:710) ~[attoparser-2.0.7.RELEASE.jar:2.0.7.RELEASE]
	at org.attoparser.MarkupParser.parseDocument(MarkupParser.java:301) ~[attoparser-2.0.7.RELEASE.jar:2.0.7.RELEASE]
	... 134 common frames omitted

2026-02-07T00:31:15.168+02:00  INFO 7100 --- [procurement-app] [SpringApplicationShutdownHook] o.s.b.w.e.tomcat.GracefulShutdown        : Commencing graceful shutdown. Waiting for active requests to complete
2026-02-07T00:31:15.181+02:00  INFO 7100 --- [procurement-app] [tomcat-shutdown] o.s.b.w.e.tomcat.GracefulShutdown        : Graceful shutdown complete
2026-02-07T00:31:15.187+02:00  INFO 7100 --- [procurement-app] [SpringApplicationShutdownHook] j.LocalContainerEntityManagerFactoryBean : Closing JPA EntityManagerFactory for persistence unit 'default'
2026-02-07T00:31:15.189+02:00  INFO 7100 --- [procurement-app] [SpringApplicationShutdownHook] com.zaxxer.hikari.HikariDataSource       : HikariPool-1 - Shutdown initiated...
2026-02-07T00:31:15.194+02:00  INFO 7100 --- [procurement-app] [SpringApplicationShutdownHook] com.zaxxer.hikari.HikariDataSource       : HikariPool-1 - Shutdown completed.
2026-02-07T00:31:17.862+02:00  INFO 4040 --- [procurement-app] [main] c.procurement.ProcurementAppApplication  : Starting ProcurementAppApplication using Java 21.0.10 with PID 4040 (C:\Users\ADMIN\Downloads\procurement-app\procurement-app\target\classes started by ADMIN in C:\Users\ADMIN\Downloads\procurement-app\procurement-app)
2026-02-07T00:31:17.863+02:00 DEBUG 4040 --- [procurement-app] [main] c.procurement.ProcurementAppApplication  : Running with Spring Boot v3.5.10, Spring v6.2.15
2026-02-07T00:31:17.863+02:00  INFO 4040 --- [procurement-app] [main] c.procurement.ProcurementAppApplication  : No active profile set, falling back to 1 default profile: "default"
2026-02-07T00:31:18.490+02:00  INFO 4040 --- [procurement-app] [main] .s.d.r.c.RepositoryConfigurationDelegate : Bootstrapping Spring Data JPA repositories in DEFAULT mode.
2026-02-07T00:31:18.543+02:00  INFO 4040 --- [procurement-app] [main] .s.d.r.c.RepositoryConfigurationDelegate : Finished Spring Data repository scanning in 47 ms. Found 8 JPA repository interfaces.
2026-02-07T00:31:18.926+02:00  INFO 4040 --- [procurement-app] [main] o.s.b.w.embedded.tomcat.TomcatWebServer  : Tomcat initialized with port 8080 (http)
2026-02-07T00:31:18.935+02:00  INFO 4040 --- [procurement-app] [main] o.apache.catalina.core.StandardService   : Starting service [Tomcat]
2026-02-07T00:31:18.936+02:00  INFO 4040 --- [procurement-app] [main] o.apache.catalina.core.StandardEngine    : Starting Servlet engine: [Apache Tomcat/10.1.50]
2026-02-07T00:31:18.972+02:00  INFO 4040 --- [procurement-app] [main] o.a.c.c.C.[Tomcat].[localhost].[/api]    : Initializing Spring embedded WebApplicationContext
2026-02-07T00:31:18.972+02:00  INFO 4040 --- [procurement-app] [main] w.s.c.ServletWebServerApplicationContext : Root WebApplicationContext: initialization completed in 1083 ms
2026-02-07T00:31:19.014+02:00 DEBUG 4040 --- [procurement-app] [main] c.p.security.RateLimitingFilter          : Filter 'rateLimitingFilter' configured for use
2026-02-07T00:31:19.119+02:00  INFO 4040 --- [procurement-app] [main] o.hibernate.jpa.internal.util.LogHelper  : HHH000204: Processing PersistenceUnitInfo [name: default]
2026-02-07T00:31:19.166+02:00  INFO 4040 --- [procurement-app] [main] org.hibernate.Version                    : HHH000412: Hibernate ORM core version 6.6.41.Final
2026-02-07T00:31:19.195+02:00  INFO 4040 --- [procurement-app] [main] o.h.c.internal.RegionFactoryInitiator    : HHH000026: Second-level cache disabled
2026-02-07T00:31:19.399+02:00  INFO 4040 --- [procurement-app] [main] o.s.o.j.p.SpringPersistenceUnitInfo      : No LoadTimeWeaver setup: ignoring JPA class transformer
2026-02-07T00:31:19.421+02:00  INFO 4040 --- [procurement-app] [main] com.zaxxer.hikari.HikariDataSource       : HikariPool-1 - Starting...
2026-02-07T00:31:19.668+02:00  INFO 4040 --- [procurement-app] [main] com.zaxxer.hikari.pool.HikariPool        : HikariPool-1 - Added connection com.mysql.cj.jdbc.ConnectionImpl@7a021f49
2026-02-07T00:31:19.670+02:00  INFO 4040 --- [procurement-app] [main] com.zaxxer.hikari.HikariDataSource       : HikariPool-1 - Start completed.
2026-02-07T00:31:19.708+02:00  WARN 4040 --- [procurement-app] [main] org.hibernate.orm.deprecation            : HHH90000025: MySQL8Dialect does not need to be specified explicitly using 'hibernate.dialect' (remove the property setting and it will be selected by default)
2026-02-07T00:31:19.711+02:00  WARN 4040 --- [procurement-app] [main] org.hibernate.orm.deprecation            : HHH90000026: MySQL8Dialect has been deprecated; use org.hibernate.dialect.MySQLDialect instead
2026-02-07T00:31:19.725+02:00  INFO 4040 --- [procurement-app] [main] org.hibernate.orm.connections.pooling    : HHH10001005: Database info:
	Database JDBC URL [Connecting through datasource 'HikariDataSource (HikariPool-1)']
	Database driver: undefined/unknown
	Database version: 8.0
	Autocommit mode: undefined/unknown
	Isolation level: undefined/unknown
	Minimum pool size: undefined/unknown
	Maximum pool size: undefined/unknown
2026-02-07T00:31:20.480+02:00  INFO 4040 --- [procurement-app] [main] o.h.e.t.j.p.i.JtaPlatformInitiator       : HHH000489: No JTA platform available (set 'hibernate.transaction.jta.platform' to enable JTA platform integration)
2026-02-07T00:31:20.579+02:00  INFO 4040 --- [procurement-app] [main] j.LocalContainerEntityManagerFactoryBean : Initialized JPA EntityManagerFactory for persistence unit 'default'
2026-02-07T00:31:20.833+02:00  INFO 4040 --- [procurement-app] [main] o.s.d.j.r.query.QueryEnhancerFactory     : Hibernate is in classpath; If applicable, HQL parser will be used.
2026-02-07T00:31:21.197+02:00  INFO 4040 --- [procurement-app] [main] com.bmglewis.service.JwtService       : JWT service initialized with valid secret key
2026-02-07T00:31:21.275+02:00  INFO 4040 --- [procurement-app] [main] eAuthenticationProviderManagerConfigurer : Global AuthenticationManager configured with AuthenticationProvider bean with name authenticationProvider
2026-02-07T00:31:21.276+02:00  WARN 4040 --- [procurement-app] [main] r$InitializeUserDetailsManagerConfigurer : Global AuthenticationManager configured with an AuthenticationProvider bean. UserDetailsService beans will not be used by Spring Security for automatically configuring username/password login. Consider removing the AuthenticationProvider bean. Alternatively, consider using the UserDetailsService in a manually instantiated DaoAuthenticationProvider. If the current configuration is intentional, to turn off this warning, increase the logging level of 'org.springframework.security.config.annotation.authentication.configuration.InitializeUserDetailsBeanManagerConfigurer' to ERROR
2026-02-07T00:31:21.515+02:00  WARN 4040 --- [procurement-app] [main] JpaBaseConfiguration$JpaWebConfiguration : spring.jpa.open-in-view is enabled by default. Therefore, database queries may be performed during view rendering. Explicitly configure spring.jpa.open-in-view to disable this warning
2026-02-07T00:31:21.775+02:00 DEBUG 4040 --- [procurement-app] [main] o.s.s.web.DefaultSecurityFilterChain     : Will secure any request with filters: DisableEncodeUrlFilter, WebAsyncManagerIntegrationFilter, SecurityContextHolderFilter, HeaderWriterFilter, CorsFilter, LogoutFilter, RateLimitingFilter, JwtAuthenticationFilter, RequestCacheAwareFilter, SecurityContextHolderAwareRequestFilter, AnonymousAuthenticationFilter, SessionManagementFilter, ExceptionTranslationFilter, AuthorizationFilter
2026-02-07T00:31:22.053+02:00  INFO 4040 --- [procurement-app] [main] o.s.b.w.embedded.tomcat.TomcatWebServer  : Tomcat started on port 8080 (http) with context path '/api'
2026-02-07T00:31:22.059+02:00  INFO 4040 --- [procurement-app] [main] c.procurement.ProcurementAppApplication  : Started ProcurementAppApplication in 4.49 seconds (process running for 4.979)
2026-02-07T00:31:22.113+02:00  INFO 4040 --- [procurement-app] [main] com.bmglewis.config.DataInitializer   : Database already initialized, skipping data load.
2026-02-07T00:31:22.114+02:00  WARN 4040 --- [procurement-app] [main] o.s.core.events.SpringDocAppInitializer  : SpringDoc /v3/api-docs endpoint is enabled by default. To disable it in production, set the property 'springdoc.api-docs.enabled=false'
2026-02-07T00:31:22.114+02:00  WARN 4040 --- [procurement-app] [main] o.s.core.events.SpringDocAppInitializer  : SpringDoc /swagger-ui.html endpoint is enabled by default. To disable it in production, set the property 'springdoc.swagger-ui.enabled=false'
2026-02-07T00:31:38.565+02:00  INFO 4040 --- [procurement-app] [http-nio-8080-exec-1] o.a.c.c.C.[Tomcat].[localhost].[/api]    : Initializing Spring DispatcherServlet 'dispatcherServlet'
2026-02-07T00:31:38.565+02:00  INFO 4040 --- [procurement-app] [http-nio-8080-exec-1] o.s.web.servlet.DispatcherServlet        : Initializing Servlet 'dispatcherServlet'
2026-02-07T00:31:38.567+02:00  INFO 4040 --- [procurement-app] [http-nio-8080-exec-1] o.s.web.servlet.DispatcherServlet        : Completed initialization in 1 ms
2026-02-07T00:31:38.589+02:00 DEBUG 4040 --- [procurement-app] [http-nio-8080-exec-1] o.s.security.web.FilterChainProxy        : Securing POST /auth/forgot-password
2026-02-07T00:31:38.616+02:00 DEBUG 4040 --- [procurement-app] [http-nio-8080-exec-1] o.s.s.w.a.AnonymousAuthenticationFilter  : Set SecurityContextHolder to anonymous SecurityContext
2026-02-07T00:31:38.618+02:00 DEBUG 4040 --- [procurement-app] [http-nio-8080-exec-1] o.s.security.web.FilterChainProxy        : Secured POST /auth/forgot-password
2026-02-07T00:31:38.786+02:00  INFO 4040 --- [procurement-app] [http-nio-8080-exec-1] com.bmglewis.service.AuthService      : Password reset request for: byamungulewis@gmail.com
2026-02-07T00:31:39.284+02:00  INFO 4040 --- [procurement-app] [http-nio-8080-exec-1] com.bmglewis.service.EmailService     : Sending password reset email to: byamungulewis@gmail.com
2026-02-07T00:31:44.291+02:00  INFO 4040 --- [procurement-app] [http-nio-8080-exec-1] com.bmglewis.service.EmailService     : HTML email sent successfully to: byamungulewis@gmail.com
2026-02-07T00:31:44.300+02:00  INFO 4040 --- [procurement-app] [http-nio-8080-exec-1] c.p.service.SecurityAuditService         : Security event logged: PASSWORD_RESET for byamungulewis@gmail.com
2026-02-07T00:39:08.385+02:00  INFO 4040 --- [procurement-app] [SpringApplicationShutdownHook] o.s.b.w.e.tomcat.GracefulShutdown        : Commencing graceful shutdown. Waiting for active requests to complete
2026-02-07T00:39:08.397+02:00  INFO 4040 --- [procurement-app] [tomcat-shutdown] o.s.b.w.e.tomcat.GracefulShutdown        : Graceful shutdown complete
2026-02-07T00:39:08.404+02:00  INFO 4040 --- [procurement-app] [SpringApplicationShutdownHook] j.LocalContainerEntityManagerFactoryBean : Closing JPA EntityManagerFactory for persistence unit 'default'
2026-02-07T00:39:08.407+02:00  INFO 4040 --- [procurement-app] [SpringApplicationShutdownHook] com.zaxxer.hikari.HikariDataSource       : HikariPool-1 - Shutdown initiated...
2026-02-07T00:39:08.410+02:00  INFO 4040 --- [procurement-app] [SpringApplicationShutdownHook] com.zaxxer.hikari.HikariDataSource       : HikariPool-1 - Shutdown completed.
2026-02-07T00:39:12.725+02:00  INFO 18884 --- [procurement-app] [main] c.procurement.ProcurementAppApplication  : Starting ProcurementAppApplication using Java 21.0.10 with PID 18884 (C:\Users\ADMIN\Downloads\procurement-app\procurement-app\target\classes started by ADMIN in C:\Users\ADMIN\Downloads\procurement-app\procurement-app)
2026-02-07T00:39:12.727+02:00 DEBUG 18884 --- [procurement-app] [main] c.procurement.ProcurementAppApplication  : Running with Spring Boot v3.5.10, Spring v6.2.15
2026-02-07T00:39:12.728+02:00  INFO 18884 --- [procurement-app] [main] c.procurement.ProcurementAppApplication  : No active profile set, falling back to 1 default profile: "default"
2026-02-07T00:39:13.663+02:00  INFO 18884 --- [procurement-app] [main] .s.d.r.c.RepositoryConfigurationDelegate : Bootstrapping Spring Data JPA repositories in DEFAULT mode.
2026-02-07T00:39:13.744+02:00  INFO 18884 --- [procurement-app] [main] .s.d.r.c.RepositoryConfigurationDelegate : Finished Spring Data repository scanning in 73 ms. Found 8 JPA repository interfaces.
2026-02-07T00:39:14.313+02:00  INFO 18884 --- [procurement-app] [main] o.s.b.w.embedded.tomcat.TomcatWebServer  : Tomcat initialized with port 8080 (http)
2026-02-07T00:39:14.330+02:00  INFO 18884 --- [procurement-app] [main] o.apache.catalina.core.StandardService   : Starting service [Tomcat]
2026-02-07T00:39:14.331+02:00  INFO 18884 --- [procurement-app] [main] o.apache.catalina.core.StandardEngine    : Starting Servlet engine: [Apache Tomcat/10.1.50]
2026-02-07T00:39:14.390+02:00  INFO 18884 --- [procurement-app] [main] o.a.c.c.C.[Tomcat].[localhost].[/api]    : Initializing Spring embedded WebApplicationContext
2026-02-07T00:39:14.391+02:00  INFO 18884 --- [procurement-app] [main] w.s.c.ServletWebServerApplicationContext : Root WebApplicationContext: initialization completed in 1625 ms
2026-02-07T00:39:14.454+02:00 DEBUG 18884 --- [procurement-app] [main] c.p.security.RateLimitingFilter          : Filter 'rateLimitingFilter' configured for use
2026-02-07T00:39:14.614+02:00  INFO 18884 --- [procurement-app] [main] o.hibernate.jpa.internal.util.LogHelper  : HHH000204: Processing PersistenceUnitInfo [name: default]
2026-02-07T00:39:14.671+02:00  INFO 18884 --- [procurement-app] [main] org.hibernate.Version                    : HHH000412: Hibernate ORM core version 6.6.41.Final
2026-02-07T00:39:14.704+02:00  INFO 18884 --- [procurement-app] [main] o.h.c.internal.RegionFactoryInitiator    : HHH000026: Second-level cache disabled
2026-02-07T00:39:14.974+02:00  INFO 18884 --- [procurement-app] [main] o.s.o.j.p.SpringPersistenceUnitInfo      : No LoadTimeWeaver setup: ignoring JPA class transformer
2026-02-07T00:39:15.004+02:00  INFO 18884 --- [procurement-app] [main] com.zaxxer.hikari.HikariDataSource       : HikariPool-1 - Starting...
2026-02-07T00:39:15.360+02:00  INFO 18884 --- [procurement-app] [main] com.zaxxer.hikari.pool.HikariPool        : HikariPool-1 - Added connection com.mysql.cj.jdbc.ConnectionImpl@669580e2
2026-02-07T00:39:15.362+02:00  INFO 18884 --- [procurement-app] [main] com.zaxxer.hikari.HikariDataSource       : HikariPool-1 - Start completed.
2026-02-07T00:39:15.413+02:00  WARN 18884 --- [procurement-app] [main] org.hibernate.orm.deprecation            : HHH90000025: MySQL8Dialect does not need to be specified explicitly using 'hibernate.dialect' (remove the property setting and it will be selected by default)
2026-02-07T00:39:15.414+02:00  WARN 18884 --- [procurement-app] [main] org.hibernate.orm.deprecation            : HHH90000026: MySQL8Dialect has been deprecated; use org.hibernate.dialect.MySQLDialect instead
2026-02-07T00:39:15.431+02:00  INFO 18884 --- [procurement-app] [main] org.hibernate.orm.connections.pooling    : HHH10001005: Database info:
	Database JDBC URL [Connecting through datasource 'HikariDataSource (HikariPool-1)']
	Database driver: undefined/unknown
	Database version: 8.0
	Autocommit mode: undefined/unknown
	Isolation level: undefined/unknown
	Minimum pool size: undefined/unknown
	Maximum pool size: undefined/unknown
2026-02-07T00:39:16.558+02:00  INFO 18884 --- [procurement-app] [main] o.h.e.t.j.p.i.JtaPlatformInitiator       : HHH000489: No JTA platform available (set 'hibernate.transaction.jta.platform' to enable JTA platform integration)
2026-02-07T00:39:16.704+02:00  INFO 18884 --- [procurement-app] [main] j.LocalContainerEntityManagerFactoryBean : Initialized JPA EntityManagerFactory for persistence unit 'default'
2026-02-07T00:39:16.972+02:00  INFO 18884 --- [procurement-app] [main] o.s.d.j.r.query.QueryEnhancerFactory     : Hibernate is in classpath; If applicable, HQL parser will be used.
2026-02-07T00:39:17.311+02:00  INFO 18884 --- [procurement-app] [main] com.bmglewis.service.JwtService       : JWT service initialized with valid secret key
2026-02-07T00:39:17.384+02:00  INFO 18884 --- [procurement-app] [main] eAuthenticationProviderManagerConfigurer : Global AuthenticationManager configured with AuthenticationProvider bean with name authenticationProvider
2026-02-07T00:39:17.384+02:00  WARN 18884 --- [procurement-app] [main] r$InitializeUserDetailsManagerConfigurer : Global AuthenticationManager configured with an AuthenticationProvider bean. UserDetailsService beans will not be used by Spring Security for automatically configuring username/password login. Consider removing the AuthenticationProvider bean. Alternatively, consider using the UserDetailsService in a manually instantiated DaoAuthenticationProvider. If the current configuration is intentional, to turn off this warning, increase the logging level of 'org.springframework.security.config.annotation.authentication.configuration.InitializeUserDetailsBeanManagerConfigurer' to ERROR
2026-02-07T00:39:17.606+02:00  WARN 18884 --- [procurement-app] [main] JpaBaseConfiguration$JpaWebConfiguration : spring.jpa.open-in-view is enabled by default. Therefore, database queries may be performed during view rendering. Explicitly configure spring.jpa.open-in-view to disable this warning
2026-02-07T00:39:17.833+02:00 DEBUG 18884 --- [procurement-app] [main] o.s.s.web.DefaultSecurityFilterChain     : Will secure any request with filters: DisableEncodeUrlFilter, WebAsyncManagerIntegrationFilter, SecurityContextHolderFilter, HeaderWriterFilter, CorsFilter, LogoutFilter, RateLimitingFilter, JwtAuthenticationFilter, RequestCacheAwareFilter, SecurityContextHolderAwareRequestFilter, AnonymousAuthenticationFilter, SessionManagementFilter, ExceptionTranslationFilter, AuthorizationFilter
2026-02-07T00:39:18.084+02:00  INFO 18884 --- [procurement-app] [main] o.s.b.w.embedded.tomcat.TomcatWebServer  : Tomcat started on port 8080 (http) with context path '/api'
2026-02-07T00:39:18.090+02:00  INFO 18884 --- [procurement-app] [main] c.procurement.ProcurementAppApplication  : Started ProcurementAppApplication in 5.811 seconds (process running for 6.448)
2026-02-07T00:39:18.138+02:00  INFO 18884 --- [procurement-app] [main] com.bmglewis.config.DataInitializer   : Database already initialized, skipping data load.
2026-02-07T00:39:18.139+02:00  WARN 18884 --- [procurement-app] [main] o.s.core.events.SpringDocAppInitializer  : SpringDoc /v3/api-docs endpoint is enabled by default. To disable it in production, set the property 'springdoc.api-docs.enabled=false'
2026-02-07T00:39:18.139+02:00  WARN 18884 --- [procurement-app] [main] o.s.core.events.SpringDocAppInitializer  : SpringDoc /swagger-ui.html endpoint is enabled by default. To disable it in production, set the property 'springdoc.swagger-ui.enabled=false'
2026-02-07T00:39:52.492+02:00  INFO 18884 --- [procurement-app] [http-nio-8080-exec-1] o.a.c.c.C.[Tomcat].[localhost].[/api]    : Initializing Spring DispatcherServlet 'dispatcherServlet'
2026-02-07T00:39:52.493+02:00  INFO 18884 --- [procurement-app] [http-nio-8080-exec-1] o.s.web.servlet.DispatcherServlet        : Initializing Servlet 'dispatcherServlet'
2026-02-07T00:39:52.494+02:00  INFO 18884 --- [procurement-app] [http-nio-8080-exec-1] o.s.web.servlet.DispatcherServlet        : Completed initialization in 1 ms
2026-02-07T00:39:52.515+02:00 DEBUG 18884 --- [procurement-app] [http-nio-8080-exec-1] o.s.security.web.FilterChainProxy        : Securing POST /auth/forgot-password
2026-02-07T00:39:52.538+02:00 DEBUG 18884 --- [procurement-app] [http-nio-8080-exec-1] o.s.s.w.a.AnonymousAuthenticationFilter  : Set SecurityContextHolder to anonymous SecurityContext
2026-02-07T00:39:52.540+02:00 DEBUG 18884 --- [procurement-app] [http-nio-8080-exec-1] o.s.security.web.FilterChainProxy        : Secured POST /auth/forgot-password
2026-02-07T00:39:52.721+02:00  INFO 18884 --- [procurement-app] [http-nio-8080-exec-1] com.bmglewis.service.AuthService      : Password reset request for: byamungulewis@gmail.com
2026-02-07T00:39:53.206+02:00  INFO 18884 --- [procurement-app] [http-nio-8080-exec-1] com.bmglewis.service.EmailService     : Sending password reset email to: byamungulewis@gmail.com
2026-02-07T00:39:58.346+02:00  INFO 18884 --- [procurement-app] [http-nio-8080-exec-1] com.bmglewis.service.EmailService     : HTML email with logo sent successfully to: byamungulewis@gmail.com
2026-02-07T00:39:58.359+02:00  INFO 18884 --- [procurement-app] [http-nio-8080-exec-1] c.p.service.SecurityAuditService         : Security event logged: PASSWORD_RESET for byamungulewis@gmail.com
2026-02-07T00:41:24.348+02:00 DEBUG 18884 --- [procurement-app] [http-nio-8080-exec-9] o.s.security.web.FilterChainProxy        : Securing POST /auth/reset-password
2026-02-07T00:41:24.349+02:00 DEBUG 18884 --- [procurement-app] [http-nio-8080-exec-9] o.s.s.w.a.AnonymousAuthenticationFilter  : Set SecurityContextHolder to anonymous SecurityContext
2026-02-07T00:41:24.349+02:00 DEBUG 18884 --- [procurement-app] [http-nio-8080-exec-9] o.s.security.web.FilterChainProxy        : Secured POST /auth/reset-password
2026-02-07T00:41:24.363+02:00  INFO 18884 --- [procurement-app] [http-nio-8080-exec-9] com.bmglewis.service.AuthService      : Password reset for: byamungulewis@gmail.com
2026-02-07T00:41:25.054+02:00  INFO 18884 --- [procurement-app] [http-nio-8080-exec-9] c.p.service.SecurityAuditService         : Security event logged: TOKEN_REVOCATION for byamungulewis@gmail.com
2026-02-07T00:41:25.058+02:00  INFO 18884 --- [procurement-app] [http-nio-8080-exec-9] c.p.service.RefreshTokenService          : All refresh tokens revoked for user: byamungulewis@gmail.com
2026-02-07T00:41:25.060+02:00  INFO 18884 --- [procurement-app] [http-nio-8080-exec-9] c.p.service.SecurityAuditService         : Security event logged: PASSWORD_RESET for byamungulewis@gmail.com
2026-02-07T00:41:54.692+02:00  INFO 18884 --- [procurement-app] [SpringApplicationShutdownHook] o.s.b.w.e.tomcat.GracefulShutdown        : Commencing graceful shutdown. Waiting for active requests to complete
2026-02-07T00:41:54.704+02:00  INFO 18884 --- [procurement-app] [tomcat-shutdown] o.s.b.w.e.tomcat.GracefulShutdown        : Graceful shutdown complete
2026-02-07T00:41:54.710+02:00  INFO 18884 --- [procurement-app] [SpringApplicationShutdownHook] j.LocalContainerEntityManagerFactoryBean : Closing JPA EntityManagerFactory for persistence unit 'default'
2026-02-07T00:41:54.713+02:00  INFO 18884 --- [procurement-app] [SpringApplicationShutdownHook] com.zaxxer.hikari.HikariDataSource       : HikariPool-1 - Shutdown initiated...
2026-02-07T00:41:54.716+02:00  INFO 18884 --- [procurement-app] [SpringApplicationShutdownHook] com.zaxxer.hikari.HikariDataSource       : HikariPool-1 - Shutdown completed.
2026-02-07T10:29:40.469+02:00  INFO 7612 --- [procurement-app] [main] c.procurement.ProcurementAppApplication  : Starting ProcurementAppApplication using Java 21.0.10 with PID 7612 (C:\Users\ADMIN\Downloads\procurement-app\procurement-app\target\classes started by ADMIN in C:\Users\ADMIN\Downloads\procurement-app\procurement-app)
2026-02-07T10:29:40.473+02:00 DEBUG 7612 --- [procurement-app] [main] c.procurement.ProcurementAppApplication  : Running with Spring Boot v3.5.10, Spring v6.2.15
2026-02-07T10:29:40.474+02:00  INFO 7612 --- [procurement-app] [main] c.procurement.ProcurementAppApplication  : No active profile set, falling back to 1 default profile: "default"
2026-02-07T10:29:42.324+02:00  INFO 7612 --- [procurement-app] [main] .s.d.r.c.RepositoryConfigurationDelegate : Bootstrapping Spring Data JPA repositories in DEFAULT mode.
2026-02-07T10:29:42.480+02:00  INFO 7612 --- [procurement-app] [main] .s.d.r.c.RepositoryConfigurationDelegate : Finished Spring Data repository scanning in 142 ms. Found 8 JPA repository interfaces.
2026-02-07T10:29:43.474+02:00  INFO 7612 --- [procurement-app] [main] o.s.b.w.embedded.tomcat.TomcatWebServer  : Tomcat initialized with port 8080 (http)
2026-02-07T10:29:43.493+02:00  INFO 7612 --- [procurement-app] [main] o.apache.catalina.core.StandardService   : Starting service [Tomcat]
2026-02-07T10:29:43.494+02:00  INFO 7612 --- [procurement-app] [main] o.apache.catalina.core.StandardEngine    : Starting Servlet engine: [Apache Tomcat/10.1.50]
2026-02-07T10:29:43.583+02:00  INFO 7612 --- [procurement-app] [main] o.a.c.c.C.[Tomcat].[localhost].[/api]    : Initializing Spring embedded WebApplicationContext
2026-02-07T10:29:43.584+02:00  INFO 7612 --- [procurement-app] [main] w.s.c.ServletWebServerApplicationContext : Root WebApplicationContext: initialization completed in 3012 ms
2026-02-07T10:29:43.703+02:00 DEBUG 7612 --- [procurement-app] [main] c.p.security.RateLimitingFilter          : Filter 'rateLimitingFilter' configured for use
2026-02-07T10:29:43.981+02:00  INFO 7612 --- [procurement-app] [main] o.hibernate.jpa.internal.util.LogHelper  : HHH000204: Processing PersistenceUnitInfo [name: default]
2026-02-07T10:29:44.090+02:00  INFO 7612 --- [procurement-app] [main] org.hibernate.Version                    : HHH000412: Hibernate ORM core version 6.6.41.Final
2026-02-07T10:29:44.149+02:00  INFO 7612 --- [procurement-app] [main] o.h.c.internal.RegionFactoryInitiator    : HHH000026: Second-level cache disabled
2026-02-07T10:29:44.688+02:00  INFO 7612 --- [procurement-app] [main] o.s.o.j.p.SpringPersistenceUnitInfo      : No LoadTimeWeaver setup: ignoring JPA class transformer
2026-02-07T10:29:44.732+02:00  INFO 7612 --- [procurement-app] [main] com.zaxxer.hikari.HikariDataSource       : HikariPool-1 - Starting...
2026-02-07T10:29:45.453+02:00  INFO 7612 --- [procurement-app] [main] com.zaxxer.hikari.pool.HikariPool        : HikariPool-1 - Added connection com.mysql.cj.jdbc.ConnectionImpl@674e4c82
2026-02-07T10:29:45.457+02:00  INFO 7612 --- [procurement-app] [main] com.zaxxer.hikari.HikariDataSource       : HikariPool-1 - Start completed.
2026-02-07T10:29:45.592+02:00  WARN 7612 --- [procurement-app] [main] org.hibernate.orm.deprecation            : HHH90000025: MySQL8Dialect does not need to be specified explicitly using 'hibernate.dialect' (remove the property setting and it will be selected by default)
2026-02-07T10:29:45.595+02:00  WARN 7612 --- [procurement-app] [main] org.hibernate.orm.deprecation            : HHH90000026: MySQL8Dialect has been deprecated; use org.hibernate.dialect.MySQLDialect instead
2026-02-07T10:29:45.626+02:00  INFO 7612 --- [procurement-app] [main] org.hibernate.orm.connections.pooling    : HHH10001005: Database info:
	Database JDBC URL [Connecting through datasource 'HikariDataSource (HikariPool-1)']
	Database driver: undefined/unknown
	Database version: 8.0
	Autocommit mode: undefined/unknown
	Isolation level: undefined/unknown
	Minimum pool size: undefined/unknown
	Maximum pool size: undefined/unknown
2026-02-07T10:29:47.557+02:00  INFO 7612 --- [procurement-app] [main] o.h.e.t.j.p.i.JtaPlatformInitiator       : HHH000489: No JTA platform available (set 'hibernate.transaction.jta.platform' to enable JTA platform integration)
2026-02-07T10:29:47.865+02:00  INFO 7612 --- [procurement-app] [main] j.LocalContainerEntityManagerFactoryBean : Initialized JPA EntityManagerFactory for persistence unit 'default'
2026-02-07T10:29:48.361+02:00  INFO 7612 --- [procurement-app] [main] o.s.d.j.r.query.QueryEnhancerFactory     : Hibernate is in classpath; If applicable, HQL parser will be used.
2026-02-07T10:29:49.283+02:00  INFO 7612 --- [procurement-app] [main] com.bmglewis.service.JwtService       : JWT service initialized with valid secret key
2026-02-07T10:29:49.560+02:00  INFO 7612 --- [procurement-app] [main] eAuthenticationProviderManagerConfigurer : Global AuthenticationManager configured with AuthenticationProvider bean with name authenticationProvider
2026-02-07T10:29:49.561+02:00  WARN 7612 --- [procurement-app] [main] r$InitializeUserDetailsManagerConfigurer : Global AuthenticationManager configured with an AuthenticationProvider bean. UserDetailsService beans will not be used by Spring Security for automatically configuring username/password login. Consider removing the AuthenticationProvider bean. Alternatively, consider using the UserDetailsService in a manually instantiated DaoAuthenticationProvider. If the current configuration is intentional, to turn off this warning, increase the logging level of 'org.springframework.security.config.annotation.authentication.configuration.InitializeUserDetailsBeanManagerConfigurer' to ERROR
2026-02-07T10:29:50.177+02:00  WARN 7612 --- [procurement-app] [main] JpaBaseConfiguration$JpaWebConfiguration : spring.jpa.open-in-view is enabled by default. Therefore, database queries may be performed during view rendering. Explicitly configure spring.jpa.open-in-view to disable this warning
2026-02-07T10:29:50.804+02:00 DEBUG 7612 --- [procurement-app] [main] o.s.s.web.DefaultSecurityFilterChain     : Will secure any request with filters: DisableEncodeUrlFilter, WebAsyncManagerIntegrationFilter, SecurityContextHolderFilter, HeaderWriterFilter, CorsFilter, LogoutFilter, RateLimitingFilter, JwtAuthenticationFilter, RequestCacheAwareFilter, SecurityContextHolderAwareRequestFilter, AnonymousAuthenticationFilter, SessionManagementFilter, ExceptionTranslationFilter, AuthorizationFilter
2026-02-07T10:29:51.602+02:00  INFO 7612 --- [procurement-app] [main] o.s.b.w.embedded.tomcat.TomcatWebServer  : Tomcat started on port 8080 (http) with context path '/api'
2026-02-07T10:29:51.618+02:00  INFO 7612 --- [procurement-app] [main] c.procurement.ProcurementAppApplication  : Started ProcurementAppApplication in 12.223 seconds (process running for 14.173)
2026-02-07T10:29:51.769+02:00  INFO 7612 --- [procurement-app] [main] com.bmglewis.config.DataInitializer   : Database already initialized, skipping data load.
2026-02-07T10:29:51.770+02:00  WARN 7612 --- [procurement-app] [main] o.s.core.events.SpringDocAppInitializer  : SpringDoc /v3/api-docs endpoint is enabled by default. To disable it in production, set the property 'springdoc.api-docs.enabled=false'
2026-02-07T10:29:51.770+02:00  WARN 7612 --- [procurement-app] [main] o.s.core.events.SpringDocAppInitializer  : SpringDoc /swagger-ui.html endpoint is enabled by default. To disable it in production, set the property 'springdoc.swagger-ui.enabled=false'
2026-02-07T11:54:19.472+02:00  INFO 7612 --- [procurement-app] [http-nio-8080-exec-10] o.a.c.c.C.[Tomcat].[localhost].[/api]    : Initializing Spring DispatcherServlet 'dispatcherServlet'
2026-02-07T11:54:19.505+02:00  INFO 7612 --- [procurement-app] [http-nio-8080-exec-10] o.s.web.servlet.DispatcherServlet        : Initializing Servlet 'dispatcherServlet'
2026-02-07T11:54:19.604+02:00  INFO 7612 --- [procurement-app] [http-nio-8080-exec-10] o.s.web.servlet.DispatcherServlet        : Completed initialization in 93 ms
2026-02-07T11:54:19.854+02:00 DEBUG 7612 --- [procurement-app] [http-nio-8080-exec-10] o.s.security.web.FilterChainProxy        : Securing OPTIONS /auth/login
2026-02-07T11:54:20.056+02:00 DEBUG 7612 --- [procurement-app] [http-nio-8080-exec-1] o.s.security.web.FilterChainProxy        : Securing POST /auth/login
2026-02-07T11:54:20.144+02:00 DEBUG 7612 --- [procurement-app] [http-nio-8080-exec-1] o.s.s.w.a.AnonymousAuthenticationFilter  : Set SecurityContextHolder to anonymous SecurityContext
2026-02-07T11:54:20.157+02:00 DEBUG 7612 --- [procurement-app] [http-nio-8080-exec-1] o.s.security.web.FilterChainProxy        : Secured POST /auth/login
2026-02-07T11:54:20.996+02:00  INFO 7612 --- [procurement-app] [http-nio-8080-exec-1] com.bmglewis.service.AuthService      : Login attempt: byamungulewis@gmail.com
2026-02-07T11:54:22.435+02:00 DEBUG 7612 --- [procurement-app] [http-nio-8080-exec-1] o.s.s.a.dao.DaoAuthenticationProvider    : Authenticated user
2026-02-07T11:54:22.453+02:00  INFO 7612 --- [procurement-app] [http-nio-8080-exec-1] c.p.service.AccountLockService           : Successful login for user: byamungulewis@gmail.com
2026-02-07T11:54:22.743+02:00  INFO 7612 --- [procurement-app] [http-nio-8080-exec-1] c.p.service.RefreshTokenService          : Refresh token created for user: byamungulewis@gmail.com
2026-02-07T11:54:22.772+02:00  INFO 7612 --- [procurement-app] [http-nio-8080-exec-1] c.p.service.SecurityAuditService         : Security event logged: LOGIN for byamungulewis@gmail.com
2026-02-07T11:54:22.787+02:00  INFO 7612 --- [procurement-app] [http-nio-8080-exec-1] com.bmglewis.service.AuthService      : User logged in successfully: byamungulewis@gmail.com
2026-02-07T11:54:36.325+02:00 DEBUG 7612 --- [procurement-app] [http-nio-8080-exec-4] o.s.security.web.FilterChainProxy        : Securing GET /auth/profile
2026-02-07T11:54:36.547+02:00 DEBUG 7612 --- [procurement-app] [http-nio-8080-exec-4] c.p.security.JwtAuthenticationFilter     : User authenticated: byamungulewis@gmail.com
2026-02-07T11:54:36.549+02:00 DEBUG 7612 --- [procurement-app] [http-nio-8080-exec-4] o.s.security.web.FilterChainProxy        : Secured GET /auth/profile
2026-02-07T11:54:54.474+02:00 DEBUG 7612 --- [procurement-app] [http-nio-8080-exec-7] o.s.security.web.FilterChainProxy        : Securing OPTIONS /auth/profile
2026-02-07T11:54:54.483+02:00 DEBUG 7612 --- [procurement-app] [http-nio-8080-exec-2] o.s.security.web.FilterChainProxy        : Securing PUT /auth/profile
2026-02-07T11:54:54.504+02:00 DEBUG 7612 --- [procurement-app] [http-nio-8080-exec-2] c.p.security.JwtAuthenticationFilter     : User authenticated: byamungulewis@gmail.com
2026-02-07T11:54:54.505+02:00 DEBUG 7612 --- [procurement-app] [http-nio-8080-exec-2] o.s.security.web.FilterChainProxy        : Secured PUT /auth/profile
2026-02-07T11:54:54.538+02:00  INFO 7612 --- [procurement-app] [http-nio-8080-exec-2] c.p.service.SecurityAuditService         : Security event logged: PROFILE_UPDATE for byamungulewis@gmail.com
2026-02-07T11:55:19.947+02:00 DEBUG 7612 --- [procurement-app] [http-nio-8080-exec-5] o.s.security.web.FilterChainProxy        : Securing PUT /auth/profile
2026-02-07T11:55:19.966+02:00 DEBUG 7612 --- [procurement-app] [http-nio-8080-exec-5] c.p.security.JwtAuthenticationFilter     : User authenticated: byamungulewis@gmail.com
2026-02-07T11:55:19.967+02:00 DEBUG 7612 --- [procurement-app] [http-nio-8080-exec-5] o.s.security.web.FilterChainProxy        : Secured PUT /auth/profile
2026-02-07T11:55:19.989+02:00  INFO 7612 --- [procurement-app] [http-nio-8080-exec-5] c.p.service.SecurityAuditService         : Security event logged: PROFILE_UPDATE for byamungulewis@gmail.com
2026-02-07T11:56:29.411+02:00 DEBUG 7612 --- [procurement-app] [http-nio-8080-exec-8] o.s.security.web.FilterChainProxy        : Securing POST /auth/logout
2026-02-07T11:56:29.594+02:00 DEBUG 7612 --- [procurement-app] [http-nio-8080-exec-8] c.p.security.JwtAuthenticationFilter     : User authenticated: byamungulewis@gmail.com
2026-02-07T11:56:29.597+02:00 DEBUG 7612 --- [procurement-app] [http-nio-8080-exec-8] o.s.security.web.FilterChainProxy        : Secured POST /auth/logout
2026-02-07T11:56:29.634+02:00  INFO 7612 --- [procurement-app] [http-nio-8080-exec-8] com.bmglewis.service.AuthService      : Logout request for user: byamungulewis@gmail.com
2026-02-07T11:56:29.981+02:00  INFO 7612 --- [procurement-app] [http-nio-8080-exec-8] c.p.service.RefreshTokenService          : Refresh token revoked for user: byamungulewis@gmail.com
2026-02-07T11:56:30.005+02:00  INFO 7612 --- [procurement-app] [http-nio-8080-exec-8] c.p.service.SecurityAuditService         : Security event logged: LOGOUT for byamungulewis@gmail.com
2026-02-07T11:56:30.095+02:00 DEBUG 7612 --- [procurement-app] [http-nio-8080-exec-9] o.s.security.web.FilterChainProxy        : Securing GET /auth/profile
2026-02-07T11:56:30.097+02:00 DEBUG 7612 --- [procurement-app] [http-nio-8080-exec-9] o.s.s.w.a.AnonymousAuthenticationFilter  : Set SecurityContextHolder to anonymous SecurityContext
2026-02-07T11:56:30.149+02:00 DEBUG 7612 --- [procurement-app] [http-nio-8080-exec-10] o.s.security.web.FilterChainProxy        : Securing POST /auth/refresh
2026-02-07T11:56:30.151+02:00 DEBUG 7612 --- [procurement-app] [http-nio-8080-exec-10] o.s.s.w.a.AnonymousAuthenticationFilter  : Set SecurityContextHolder to anonymous SecurityContext
2026-02-07T11:56:30.151+02:00 DEBUG 7612 --- [procurement-app] [http-nio-8080-exec-10] o.s.security.web.FilterChainProxy        : Secured POST /auth/refresh
2026-02-07T11:56:30.167+02:00  INFO 7612 --- [procurement-app] [http-nio-8080-exec-10] com.bmglewis.service.AuthService      : Refresh token request
2026-02-07T11:56:30.335+02:00  WARN 7612 --- [procurement-app] [http-nio-8080-exec-10] c.p.exception.GlobalExceptionHandler     : Token Exception: Refresh token has been revoked
2026-02-07T11:56:37.566+02:00 DEBUG 7612 --- [procurement-app] [http-nio-8080-exec-1] o.s.security.web.FilterChainProxy        : Securing GET /auth/profile
2026-02-07T11:56:37.567+02:00 DEBUG 7612 --- [procurement-app] [http-nio-8080-exec-1] o.s.s.w.a.AnonymousAuthenticationFilter  : Set SecurityContextHolder to anonymous SecurityContext
2026-02-07T11:56:37.577+02:00 DEBUG 7612 --- [procurement-app] [http-nio-8080-exec-4] o.s.security.web.FilterChainProxy        : Securing POST /auth/refresh
2026-02-07T11:56:37.578+02:00 DEBUG 7612 --- [procurement-app] [http-nio-8080-exec-4] o.s.s.w.a.AnonymousAuthenticationFilter  : Set SecurityContextHolder to anonymous SecurityContext
2026-02-07T11:56:37.580+02:00 DEBUG 7612 --- [procurement-app] [http-nio-8080-exec-4] o.s.security.web.FilterChainProxy        : Secured POST /auth/refresh
2026-02-07T11:56:37.583+02:00  INFO 7612 --- [procurement-app] [http-nio-8080-exec-4] com.bmglewis.service.AuthService      : Refresh token request
2026-02-07T11:56:37.612+02:00  WARN 7612 --- [procurement-app] [http-nio-8080-exec-4] c.p.exception.GlobalExceptionHandler     : Token Exception: Refresh token has been revoked
2026-02-07T11:57:26.040+02:00 DEBUG 7612 --- [procurement-app] [http-nio-8080-exec-7] o.s.security.web.FilterChainProxy        : Securing OPTIONS /auth/register
2026-02-07T11:57:26.046+02:00 DEBUG 7612 --- [procurement-app] [http-nio-8080-exec-2] o.s.security.web.FilterChainProxy        : Securing POST /auth/register
2026-02-07T11:57:26.060+02:00 DEBUG 7612 --- [procurement-app] [http-nio-8080-exec-2] o.s.s.w.a.AnonymousAuthenticationFilter  : Set SecurityContextHolder to anonymous SecurityContext
2026-02-07T11:57:26.061+02:00 DEBUG 7612 --- [procurement-app] [http-nio-8080-exec-2] o.s.security.web.FilterChainProxy        : Secured POST /auth/register
2026-02-07T11:57:26.139+02:00  INFO 7612 --- [procurement-app] [http-nio-8080-exec-2] com.bmglewis.service.AuthService      : Registering user: pulivut@mailinator.com
2026-02-07T11:57:26.537+02:00  INFO 7612 --- [procurement-app] [http-nio-8080-exec-2] c.p.service.SecurityAuditService         : Security event logged: REGISTRATION for pulivut@mailinator.com
2026-02-07T11:57:26.540+02:00  INFO 7612 --- [procurement-app] [http-nio-8080-exec-2] com.bmglewis.service.AuthService      : User registered successfully: pulivut@mailinator.com
2026-02-07T11:58:00.894+02:00 DEBUG 7612 --- [procurement-app] [http-nio-8080-exec-5] o.s.security.web.FilterChainProxy        : Securing POST /auth/login
2026-02-07T11:58:00.896+02:00 DEBUG 7612 --- [procurement-app] [http-nio-8080-exec-5] o.s.s.w.a.AnonymousAuthenticationFilter  : Set SecurityContextHolder to anonymous SecurityContext
2026-02-07T11:58:00.897+02:00 DEBUG 7612 --- [procurement-app] [http-nio-8080-exec-5] o.s.security.web.FilterChainProxy        : Secured POST /auth/login
2026-02-07T11:58:00.903+02:00  INFO 7612 --- [procurement-app] [http-nio-8080-exec-5] com.bmglewis.service.AuthService      : Login attempt: pulivut@mailinator.com
2026-02-07T11:58:01.263+02:00 DEBUG 7612 --- [procurement-app] [http-nio-8080-exec-5] o.s.s.a.dao.DaoAuthenticationProvider    : Authenticated user
2026-02-07T11:58:01.264+02:00  INFO 7612 --- [procurement-app] [http-nio-8080-exec-5] c.p.service.AccountLockService           : Successful login for user: pulivut@mailinator.com
2026-02-07T11:58:01.292+02:00  INFO 7612 --- [procurement-app] [http-nio-8080-exec-5] c.p.service.RefreshTokenService          : Refresh token created for user: pulivut@mailinator.com
2026-02-07T11:58:01.297+02:00  INFO 7612 --- [procurement-app] [http-nio-8080-exec-5] c.p.service.SecurityAuditService         : Security event logged: LOGIN for pulivut@mailinator.com
2026-02-07T11:58:01.300+02:00  INFO 7612 --- [procurement-app] [http-nio-8080-exec-5] com.bmglewis.service.AuthService      : User logged in successfully: pulivut@mailinator.com
2026-02-07T11:58:27.692+02:00 DEBUG 7612 --- [procurement-app] [http-nio-8080-exec-3] o.s.security.web.FilterChainProxy        : Securing PUT /auth/profile
2026-02-07T11:58:27.708+02:00 DEBUG 7612 --- [procurement-app] [http-nio-8080-exec-3] c.p.security.JwtAuthenticationFilter     : User authenticated: pulivut@mailinator.com
2026-02-07T11:58:27.709+02:00 DEBUG 7612 --- [procurement-app] [http-nio-8080-exec-3] o.s.security.web.FilterChainProxy        : Secured PUT /auth/profile
2026-02-07T11:58:27.724+02:00  INFO 7612 --- [procurement-app] [http-nio-8080-exec-3] c.p.service.SecurityAuditService         : Security event logged: PROFILE_UPDATE for pulivut@mailinator.com
2026-02-07T11:59:03.628+02:00 DEBUG 7612 --- [procurement-app] [http-nio-8080-exec-8] o.s.security.web.FilterChainProxy        : Securing OPTIONS /auth/change-password
2026-02-07T11:59:03.633+02:00 DEBUG 7612 --- [procurement-app] [http-nio-8080-exec-9] o.s.security.web.FilterChainProxy        : Securing POST /auth/change-password
2026-02-07T11:59:03.644+02:00 DEBUG 7612 --- [procurement-app] [http-nio-8080-exec-9] c.p.security.JwtAuthenticationFilter     : User authenticated: pulivut@mailinator.com
2026-02-07T11:59:03.645+02:00 DEBUG 7612 --- [procurement-app] [http-nio-8080-exec-9] o.s.security.web.FilterChainProxy        : Secured POST /auth/change-password
2026-02-07T11:59:04.457+02:00  INFO 7612 --- [procurement-app] [http-nio-8080-exec-9] c.p.service.SecurityAuditService         : Security event logged: TOKEN_REVOCATION for pulivut@mailinator.com
2026-02-07T11:59:04.460+02:00  INFO 7612 --- [procurement-app] [http-nio-8080-exec-9] c.p.service.RefreshTokenService          : All refresh tokens revoked for user: pulivut@mailinator.com
2026-02-07T11:59:04.463+02:00  INFO 7612 --- [procurement-app] [http-nio-8080-exec-9] c.p.service.SecurityAuditService         : Security event logged: PASSWORD_CHANGE for pulivut@mailinator.com
2026-02-07T11:59:04.497+02:00 DEBUG 7612 --- [procurement-app] [http-nio-8080-exec-10] o.s.security.web.FilterChainProxy        : Securing GET /auth/profile
2026-02-07T11:59:04.497+02:00 DEBUG 7612 --- [procurement-app] [http-nio-8080-exec-10] o.s.s.w.a.AnonymousAuthenticationFilter  : Set SecurityContextHolder to anonymous SecurityContext
2026-02-07T11:59:04.511+02:00 DEBUG 7612 --- [procurement-app] [http-nio-8080-exec-1] o.s.security.web.FilterChainProxy        : Securing POST /auth/refresh
2026-02-07T11:59:04.512+02:00 DEBUG 7612 --- [procurement-app] [http-nio-8080-exec-1] o.s.s.w.a.AnonymousAuthenticationFilter  : Set SecurityContextHolder to anonymous SecurityContext
2026-02-07T11:59:04.512+02:00 DEBUG 7612 --- [procurement-app] [http-nio-8080-exec-1] o.s.security.web.FilterChainProxy        : Secured POST /auth/refresh
2026-02-07T11:59:04.514+02:00  INFO 7612 --- [procurement-app] [http-nio-8080-exec-1] com.bmglewis.service.AuthService      : Refresh token request
2026-02-07T11:59:04.522+02:00  WARN 7612 --- [procurement-app] [http-nio-8080-exec-1] c.p.exception.GlobalExceptionHandler     : Token Exception: Refresh token has been revoked
2026-02-07T11:59:34.836+02:00 DEBUG 7612 --- [procurement-app] [http-nio-8080-exec-4] o.s.security.web.FilterChainProxy        : Securing POST /auth/login
2026-02-07T11:59:34.837+02:00 DEBUG 7612 --- [procurement-app] [http-nio-8080-exec-4] o.s.s.w.a.AnonymousAuthenticationFilter  : Set SecurityContextHolder to anonymous SecurityContext
2026-02-07T11:59:34.837+02:00 DEBUG 7612 --- [procurement-app] [http-nio-8080-exec-4] o.s.security.web.FilterChainProxy        : Secured POST /auth/login
2026-02-07T11:59:34.841+02:00  INFO 7612 --- [procurement-app] [http-nio-8080-exec-4] com.bmglewis.service.AuthService      : Login attempt: pulivut@mailinator.com
2026-02-07T11:59:35.178+02:00 DEBUG 7612 --- [procurement-app] [http-nio-8080-exec-4] o.s.s.a.dao.DaoAuthenticationProvider    : Authenticated user
2026-02-07T11:59:35.179+02:00  INFO 7612 --- [procurement-app] [http-nio-8080-exec-4] c.p.service.AccountLockService           : Successful login for user: pulivut@mailinator.com
2026-02-07T11:59:35.185+02:00  INFO 7612 --- [procurement-app] [http-nio-8080-exec-4] c.p.service.RefreshTokenService          : Refresh token created for user: pulivut@mailinator.com
2026-02-07T11:59:35.188+02:00  INFO 7612 --- [procurement-app] [http-nio-8080-exec-4] c.p.service.SecurityAuditService         : Security event logged: LOGIN for pulivut@mailinator.com
2026-02-07T11:59:35.191+02:00  INFO 7612 --- [procurement-app] [http-nio-8080-exec-4] com.bmglewis.service.AuthService      : User logged in successfully: pulivut@mailinator.com
2026-02-07T11:59:43.008+02:00 DEBUG 7612 --- [procurement-app] [http-nio-8080-exec-7] o.s.security.web.FilterChainProxy        : Securing POST /auth/logout
2026-02-07T11:59:43.018+02:00 DEBUG 7612 --- [procurement-app] [http-nio-8080-exec-7] c.p.security.JwtAuthenticationFilter     : User authenticated: pulivut@mailinator.com
2026-02-07T11:59:43.018+02:00 DEBUG 7612 --- [procurement-app] [http-nio-8080-exec-7] o.s.security.web.FilterChainProxy        : Secured POST /auth/logout
2026-02-07T11:59:43.020+02:00  INFO 7612 --- [procurement-app] [http-nio-8080-exec-7] com.bmglewis.service.AuthService      : Logout request for user: pulivut@mailinator.com
2026-02-07T11:59:43.027+02:00  INFO 7612 --- [procurement-app] [http-nio-8080-exec-7] c.p.service.RefreshTokenService          : Refresh token revoked for user: pulivut@mailinator.com
2026-02-07T11:59:43.030+02:00  INFO 7612 --- [procurement-app] [http-nio-8080-exec-7] c.p.service.SecurityAuditService         : Security event logged: LOGOUT for pulivut@mailinator.com
2026-02-07T12:00:05.330+02:00 DEBUG 7612 --- [procurement-app] [http-nio-8080-exec-5] o.s.security.web.FilterChainProxy        : Securing POST /auth/login
2026-02-07T12:00:05.331+02:00 DEBUG 7612 --- [procurement-app] [http-nio-8080-exec-5] o.s.s.w.a.AnonymousAuthenticationFilter  : Set SecurityContextHolder to anonymous SecurityContext
2026-02-07T12:00:05.331+02:00 DEBUG 7612 --- [procurement-app] [http-nio-8080-exec-5] o.s.security.web.FilterChainProxy        : Secured POST /auth/login
2026-02-07T12:00:05.333+02:00  INFO 7612 --- [procurement-app] [http-nio-8080-exec-5] com.bmglewis.service.AuthService      : Login attempt: pulivut@mailinator.com
2026-02-07T12:00:05.671+02:00 DEBUG 7612 --- [procurement-app] [http-nio-8080-exec-5] o.s.s.a.dao.DaoAuthenticationProvider    : Authenticated user
2026-02-07T12:00:05.672+02:00  INFO 7612 --- [procurement-app] [http-nio-8080-exec-5] c.p.service.AccountLockService           : Successful login for user: pulivut@mailinator.com
2026-02-07T12:00:05.680+02:00  INFO 7612 --- [procurement-app] [http-nio-8080-exec-5] c.p.service.RefreshTokenService          : Refresh token created for user: pulivut@mailinator.com
2026-02-07T12:00:05.683+02:00  INFO 7612 --- [procurement-app] [http-nio-8080-exec-5] c.p.service.SecurityAuditService         : Security event logged: LOGIN for pulivut@mailinator.com
2026-02-07T12:00:05.687+02:00  INFO 7612 --- [procurement-app] [http-nio-8080-exec-5] com.bmglewis.service.AuthService      : User logged in successfully: pulivut@mailinator.com
2026-02-07T12:19:17.155+02:00 DEBUG 7612 --- [procurement-app] [http-nio-8080-exec-3] o.s.security.web.FilterChainProxy        : Securing GET /auth/profile
2026-02-07T12:19:17.241+02:00 DEBUG 7612 --- [procurement-app] [http-nio-8080-exec-3] o.s.s.w.a.AnonymousAuthenticationFilter  : Set SecurityContextHolder to anonymous SecurityContext
2026-02-07T12:19:17.307+02:00 DEBUG 7612 --- [procurement-app] [http-nio-8080-exec-8] o.s.security.web.FilterChainProxy        : Securing POST /auth/refresh
2026-02-07T12:19:17.308+02:00 DEBUG 7612 --- [procurement-app] [http-nio-8080-exec-8] o.s.s.w.a.AnonymousAuthenticationFilter  : Set SecurityContextHolder to anonymous SecurityContext
2026-02-07T12:19:17.311+02:00 DEBUG 7612 --- [procurement-app] [http-nio-8080-exec-8] o.s.security.web.FilterChainProxy        : Secured POST /auth/refresh
2026-02-07T12:19:17.435+02:00  INFO 7612 --- [procurement-app] [http-nio-8080-exec-8] com.bmglewis.service.AuthService      : Refresh token request
2026-02-07T12:19:17.700+02:00  INFO 7612 --- [procurement-app] [http-nio-8080-exec-8] c.p.service.RefreshTokenService          : Refresh token created for user: pulivut@mailinator.com
2026-02-07T12:19:17.701+02:00  INFO 7612 --- [procurement-app] [http-nio-8080-exec-8] c.p.service.RefreshTokenService          : Refresh token rotated for user: pulivut@mailinator.com
2026-02-07T12:19:17.740+02:00  INFO 7612 --- [procurement-app] [http-nio-8080-exec-8] c.p.service.SecurityAuditService         : Security event logged: TOKEN_REFRESH for pulivut@mailinator.com
2026-02-07T12:19:17.746+02:00  INFO 7612 --- [procurement-app] [http-nio-8080-exec-8] com.bmglewis.service.AuthService      : Token refreshed for user: pulivut@mailinator.com
2026-02-07T12:19:17.815+02:00 DEBUG 7612 --- [procurement-app] [http-nio-8080-exec-9] o.s.security.web.FilterChainProxy        : Securing GET /auth/profile
2026-02-07T12:19:17.843+02:00 DEBUG 7612 --- [procurement-app] [http-nio-8080-exec-9] c.p.security.JwtAuthenticationFilter     : User authenticated: pulivut@mailinator.com
2026-02-07T12:19:17.843+02:00 DEBUG 7612 --- [procurement-app] [http-nio-8080-exec-9] o.s.security.web.FilterChainProxy        : Secured GET /auth/profile
2026-02-07T12:19:28.139+02:00  WARN 7612 --- [procurement-app] [HikariPool-1:housekeeper] com.zaxxer.hikari.pool.HikariPool        : HikariPool-1 - Thread starvation or clock leap detected (housekeeper delta=3m40s782ms434µs400ns).
2026-02-07T12:19:54.160+02:00 DEBUG 7612 --- [procurement-app] [http-nio-8080-exec-10] o.s.security.web.FilterChainProxy        : Securing PUT /auth/profile
2026-02-07T12:19:54.172+02:00 DEBUG 7612 --- [procurement-app] [http-nio-8080-exec-10] c.p.security.JwtAuthenticationFilter     : User authenticated: pulivut@mailinator.com
2026-02-07T12:19:54.172+02:00 DEBUG 7612 --- [procurement-app] [http-nio-8080-exec-10] o.s.security.web.FilterChainProxy        : Secured PUT /auth/profile
2026-02-07T12:19:54.287+02:00  INFO 7612 --- [procurement-app] [http-nio-8080-exec-10] c.p.service.SecurityAuditService         : Security event logged: PROFILE_UPDATE for pulivut@mailinator.com
2026-02-07T12:31:13.420+02:00 DEBUG 7612 --- [procurement-app] [http-nio-8080-exec-4] o.s.security.web.FilterChainProxy        : Securing GET /auth/profile
2026-02-07T12:31:13.690+02:00 DEBUG 7612 --- [procurement-app] [http-nio-8080-exec-4] c.p.security.JwtAuthenticationFilter     : User authenticated: pulivut@mailinator.com
2026-02-07T12:31:13.694+02:00 DEBUG 7612 --- [procurement-app] [http-nio-8080-exec-4] o.s.security.web.FilterChainProxy        : Secured GET /auth/profile
2026-02-07T13:15:43.242+02:00 DEBUG 7612 --- [procurement-app] [http-nio-8080-exec-2] o.s.security.web.FilterChainProxy        : Securing GET /auth/profile
2026-02-07T13:15:43.282+02:00 DEBUG 7612 --- [procurement-app] [http-nio-8080-exec-2] o.s.s.w.a.AnonymousAuthenticationFilter  : Set SecurityContextHolder to anonymous SecurityContext
2026-02-07T13:15:43.359+02:00 DEBUG 7612 --- [procurement-app] [http-nio-8080-exec-5] o.s.security.web.FilterChainProxy        : Securing POST /auth/refresh
2026-02-07T13:15:43.360+02:00 DEBUG 7612 --- [procurement-app] [http-nio-8080-exec-5] o.s.s.w.a.AnonymousAuthenticationFilter  : Set SecurityContextHolder to anonymous SecurityContext
2026-02-07T13:15:43.361+02:00 DEBUG 7612 --- [procurement-app] [http-nio-8080-exec-5] o.s.security.web.FilterChainProxy        : Secured POST /auth/refresh
2026-02-07T13:15:43.515+02:00  INFO 7612 --- [procurement-app] [http-nio-8080-exec-5] com.bmglewis.service.AuthService      : Refresh token request
2026-02-07T13:15:43.918+02:00  INFO 7612 --- [procurement-app] [http-nio-8080-exec-5] c.p.service.RefreshTokenService          : Refresh token created for user: pulivut@mailinator.com
2026-02-07T13:15:43.919+02:00  INFO 7612 --- [procurement-app] [http-nio-8080-exec-5] c.p.service.RefreshTokenService          : Refresh token rotated for user: pulivut@mailinator.com
2026-02-07T13:15:43.984+02:00  INFO 7612 --- [procurement-app] [http-nio-8080-exec-5] c.p.service.SecurityAuditService         : Security event logged: TOKEN_REFRESH for pulivut@mailinator.com
2026-02-07T13:15:43.990+02:00  INFO 7612 --- [procurement-app] [http-nio-8080-exec-5] com.bmglewis.service.AuthService      : Token refreshed for user: pulivut@mailinator.com
2026-02-07T13:15:44.054+02:00 DEBUG 7612 --- [procurement-app] [http-nio-8080-exec-6] o.s.security.web.FilterChainProxy        : Securing GET /auth/profile
2026-02-07T13:15:44.080+02:00 DEBUG 7612 --- [procurement-app] [http-nio-8080-exec-6] c.p.security.JwtAuthenticationFilter     : User authenticated: pulivut@mailinator.com
2026-02-07T13:15:44.082+02:00 DEBUG 7612 --- [procurement-app] [http-nio-8080-exec-6] o.s.security.web.FilterChainProxy        : Secured GET /auth/profile
2026-02-07T13:15:58.506+02:00 DEBUG 7612 --- [procurement-app] [http-nio-8080-exec-3] o.s.security.web.FilterChainProxy        : Securing POST /auth/logout
2026-02-07T13:15:58.517+02:00 DEBUG 7612 --- [procurement-app] [http-nio-8080-exec-3] c.p.security.JwtAuthenticationFilter     : User authenticated: pulivut@mailinator.com
2026-02-07T13:15:58.518+02:00 DEBUG 7612 --- [procurement-app] [http-nio-8080-exec-3] o.s.security.web.FilterChainProxy        : Secured POST /auth/logout
2026-02-07T13:15:58.521+02:00  INFO 7612 --- [procurement-app] [http-nio-8080-exec-3] com.bmglewis.service.AuthService      : Logout request for user: pulivut@mailinator.com
2026-02-07T13:15:58.529+02:00  INFO 7612 --- [procurement-app] [http-nio-8080-exec-3] c.p.service.RefreshTokenService          : Refresh token revoked for user: pulivut@mailinator.com
2026-02-07T13:15:58.532+02:00  INFO 7612 --- [procurement-app] [http-nio-8080-exec-3] c.p.service.SecurityAuditService         : Security event logged: LOGOUT for pulivut@mailinator.com
2026-02-07T13:16:24.985+02:00  INFO 7612 --- [procurement-app] [SpringApplicationShutdownHook] o.s.b.w.e.tomcat.GracefulShutdown        : Commencing graceful shutdown. Waiting for active requests to complete
2026-02-07T13:16:25.068+02:00  INFO 7612 --- [procurement-app] [tomcat-shutdown] o.s.b.w.e.tomcat.GracefulShutdown        : Graceful shutdown complete
2026-02-07T13:16:25.176+02:00  INFO 7612 --- [procurement-app] [SpringApplicationShutdownHook] j.LocalContainerEntityManagerFactoryBean : Closing JPA EntityManagerFactory for persistence unit 'default'
2026-02-07T13:16:25.300+02:00  INFO 7612 --- [procurement-app] [SpringApplicationShutdownHook] com.zaxxer.hikari.HikariDataSource       : HikariPool-1 - Shutdown initiated...
2026-02-07T13:16:25.330+02:00  INFO 7612 --- [procurement-app] [SpringApplicationShutdownHook] com.zaxxer.hikari.HikariDataSource       : HikariPool-1 - Shutdown completed.
2026-02-07T13:16:30.211+02:00  INFO 19804 --- [procurement-app] [main] c.procurement.ProcurementAppApplication  : Starting ProcurementAppApplication using Java 21.0.10 with PID 19804 (C:\Users\ADMIN\Downloads\procurement-app\procurement-app\target\classes started by ADMIN in C:\Users\ADMIN\Downloads\procurement-app\procurement-app)
2026-02-07T13:16:30.214+02:00 DEBUG 19804 --- [procurement-app] [main] c.procurement.ProcurementAppApplication  : Running with Spring Boot v3.5.10, Spring v6.2.15
2026-02-07T13:16:30.214+02:00  INFO 19804 --- [procurement-app] [main] c.procurement.ProcurementAppApplication  : No active profile set, falling back to 1 default profile: "default"
2026-02-07T13:16:31.462+02:00  INFO 19804 --- [procurement-app] [main] .s.d.r.c.RepositoryConfigurationDelegate : Bootstrapping Spring Data JPA repositories in DEFAULT mode.
2026-02-07T13:16:31.576+02:00  INFO 19804 --- [procurement-app] [main] .s.d.r.c.RepositoryConfigurationDelegate : Finished Spring Data repository scanning in 102 ms. Found 8 JPA repository interfaces.
2026-02-07T13:16:32.142+02:00  INFO 19804 --- [procurement-app] [main] o.s.b.w.embedded.tomcat.TomcatWebServer  : Tomcat initialized with port 8080 (http)
2026-02-07T13:16:32.153+02:00  INFO 19804 --- [procurement-app] [main] o.apache.catalina.core.StandardService   : Starting service [Tomcat]
2026-02-07T13:16:32.154+02:00  INFO 19804 --- [procurement-app] [main] o.apache.catalina.core.StandardEngine    : Starting Servlet engine: [Apache Tomcat/10.1.50]
2026-02-07T13:16:32.209+02:00  INFO 19804 --- [procurement-app] [main] o.a.c.c.C.[Tomcat].[localhost].[/api]    : Initializing Spring embedded WebApplicationContext
2026-02-07T13:16:32.210+02:00  INFO 19804 --- [procurement-app] [main] w.s.c.ServletWebServerApplicationContext : Root WebApplicationContext: initialization completed in 1945 ms
2026-02-07T13:16:32.253+02:00 DEBUG 19804 --- [procurement-app] [main] c.p.security.RateLimitingFilter          : Filter 'rateLimitingFilter' configured for use
2026-02-07T13:16:32.384+02:00  INFO 19804 --- [procurement-app] [main] o.hibernate.jpa.internal.util.LogHelper  : HHH000204: Processing PersistenceUnitInfo [name: default]
2026-02-07T13:16:32.446+02:00  INFO 19804 --- [procurement-app] [main] org.hibernate.Version                    : HHH000412: Hibernate ORM core version 6.6.41.Final
2026-02-07T13:16:32.475+02:00  INFO 19804 --- [procurement-app] [main] o.h.c.internal.RegionFactoryInitiator    : HHH000026: Second-level cache disabled
2026-02-07T13:16:32.718+02:00  INFO 19804 --- [procurement-app] [main] o.s.o.j.p.SpringPersistenceUnitInfo      : No LoadTimeWeaver setup: ignoring JPA class transformer
2026-02-07T13:16:32.749+02:00  INFO 19804 --- [procurement-app] [main] com.zaxxer.hikari.HikariDataSource       : HikariPool-1 - Starting...
2026-02-07T13:16:33.074+02:00  INFO 19804 --- [procurement-app] [main] com.zaxxer.hikari.pool.HikariPool        : HikariPool-1 - Added connection com.mysql.cj.jdbc.ConnectionImpl@4fe4503a
2026-02-07T13:16:33.076+02:00  INFO 19804 --- [procurement-app] [main] com.zaxxer.hikari.HikariDataSource       : HikariPool-1 - Start completed.
2026-02-07T13:16:33.124+02:00  WARN 19804 --- [procurement-app] [main] org.hibernate.orm.deprecation            : HHH90000025: MySQL8Dialect does not need to be specified explicitly using 'hibernate.dialect' (remove the property setting and it will be selected by default)
2026-02-07T13:16:33.125+02:00  WARN 19804 --- [procurement-app] [main] org.hibernate.orm.deprecation            : HHH90000026: MySQL8Dialect has been deprecated; use org.hibernate.dialect.MySQLDialect instead
2026-02-07T13:16:33.141+02:00  INFO 19804 --- [procurement-app] [main] org.hibernate.orm.connections.pooling    : HHH10001005: Database info:
	Database JDBC URL [Connecting through datasource 'HikariDataSource (HikariPool-1)']
	Database driver: undefined/unknown
	Database version: 8.0
	Autocommit mode: undefined/unknown
	Isolation level: undefined/unknown
	Minimum pool size: undefined/unknown
	Maximum pool size: undefined/unknown
2026-02-07T13:16:34.010+02:00  INFO 19804 --- [procurement-app] [main] o.h.e.t.j.p.i.JtaPlatformInitiator       : HHH000489: No JTA platform available (set 'hibernate.transaction.jta.platform' to enable JTA platform integration)
2026-02-07T13:16:34.160+02:00  INFO 19804 --- [procurement-app] [main] j.LocalContainerEntityManagerFactoryBean : Initialized JPA EntityManagerFactory for persistence unit 'default'
2026-02-07T13:16:34.419+02:00  INFO 19804 --- [procurement-app] [main] o.s.d.j.r.query.QueryEnhancerFactory     : Hibernate is in classpath; If applicable, HQL parser will be used.
2026-02-07T13:16:34.808+02:00  INFO 19804 --- [procurement-app] [main] com.bmglewis.service.JwtService       : JWT service initialized with valid secret key
2026-02-07T13:16:34.894+02:00  INFO 19804 --- [procurement-app] [main] eAuthenticationProviderManagerConfigurer : Global AuthenticationManager configured with AuthenticationProvider bean with name authenticationProvider
2026-02-07T13:16:34.895+02:00  WARN 19804 --- [procurement-app] [main] r$InitializeUserDetailsManagerConfigurer : Global AuthenticationManager configured with an AuthenticationProvider bean. UserDetailsService beans will not be used by Spring Security for automatically configuring username/password login. Consider removing the AuthenticationProvider bean. Alternatively, consider using the UserDetailsService in a manually instantiated DaoAuthenticationProvider. If the current configuration is intentional, to turn off this warning, increase the logging level of 'org.springframework.security.config.annotation.authentication.configuration.InitializeUserDetailsBeanManagerConfigurer' to ERROR
2026-02-07T13:16:35.183+02:00  WARN 19804 --- [procurement-app] [main] JpaBaseConfiguration$JpaWebConfiguration : spring.jpa.open-in-view is enabled by default. Therefore, database queries may be performed during view rendering. Explicitly configure spring.jpa.open-in-view to disable this warning
2026-02-07T13:16:35.447+02:00 DEBUG 19804 --- [procurement-app] [main] o.s.s.web.DefaultSecurityFilterChain     : Will secure any request with filters: DisableEncodeUrlFilter, WebAsyncManagerIntegrationFilter, SecurityContextHolderFilter, HeaderWriterFilter, CorsFilter, LogoutFilter, RateLimitingFilter, JwtAuthenticationFilter, RequestCacheAwareFilter, SecurityContextHolderAwareRequestFilter, AnonymousAuthenticationFilter, SessionManagementFilter, ExceptionTranslationFilter, AuthorizationFilter
2026-02-07T13:16:35.739+02:00  INFO 19804 --- [procurement-app] [main] o.s.b.w.embedded.tomcat.TomcatWebServer  : Tomcat started on port 8080 (http) with context path '/api'
2026-02-07T13:16:35.745+02:00  INFO 19804 --- [procurement-app] [main] c.procurement.ProcurementAppApplication  : Started ProcurementAppApplication in 6.23 seconds (process running for 7.629)
2026-02-07T13:16:35.816+02:00  INFO 19804 --- [procurement-app] [main] com.bmglewis.config.DataInitializer   : Database already initialized, skipping data load.
2026-02-07T13:16:35.816+02:00  WARN 19804 --- [procurement-app] [main] o.s.core.events.SpringDocAppInitializer  : SpringDoc /v3/api-docs endpoint is enabled by default. To disable it in production, set the property 'springdoc.api-docs.enabled=false'
2026-02-07T13:16:35.816+02:00  WARN 19804 --- [procurement-app] [main] o.s.core.events.SpringDocAppInitializer  : SpringDoc /swagger-ui.html endpoint is enabled by default. To disable it in production, set the property 'springdoc.swagger-ui.enabled=false'
2026-02-07T13:16:41.567+02:00  INFO 19804 --- [procurement-app] [SpringApplicationShutdownHook] o.s.b.w.e.tomcat.GracefulShutdown        : Commencing graceful shutdown. Waiting for active requests to complete
2026-02-07T13:16:41.575+02:00  INFO 19804 --- [procurement-app] [tomcat-shutdown] o.s.b.w.e.tomcat.GracefulShutdown        : Graceful shutdown complete
2026-02-07T13:16:41.581+02:00  INFO 19804 --- [procurement-app] [SpringApplicationShutdownHook] j.LocalContainerEntityManagerFactoryBean : Closing JPA EntityManagerFactory for persistence unit 'default'
2026-02-07T13:16:41.583+02:00  INFO 19804 --- [procurement-app] [SpringApplicationShutdownHook] com.zaxxer.hikari.HikariDataSource       : HikariPool-1 - Shutdown initiated...
2026-02-07T13:16:41.587+02:00  INFO 19804 --- [procurement-app] [SpringApplicationShutdownHook] com.zaxxer.hikari.HikariDataSource       : HikariPool-1 - Shutdown completed.
2026-02-07T13:42:38.288+02:00  INFO 17792 --- [startkit-app] [main] com.bmglewis.StartKitApplication         : Starting StartKitApplication using Java 21.0.10 with PID 17792 (D:\Devs\SpringReactAuth\backend\target\classes started by ADMIN in D:\Devs\SpringReactAuth\backend)
2026-02-07T13:42:38.292+02:00 DEBUG 17792 --- [startkit-app] [main] com.bmglewis.StartKitApplication         : Running with Spring Boot v3.5.10, Spring v6.2.15
2026-02-07T13:42:38.293+02:00  INFO 17792 --- [startkit-app] [main] com.bmglewis.StartKitApplication         : No active profile set, falling back to 1 default profile: "default"
2026-02-07T13:42:40.233+02:00  INFO 17792 --- [startkit-app] [main] .s.d.r.c.RepositoryConfigurationDelegate : Bootstrapping Spring Data JPA repositories in DEFAULT mode.
2026-02-07T13:42:40.387+02:00  INFO 17792 --- [startkit-app] [main] .s.d.r.c.RepositoryConfigurationDelegate : Finished Spring Data repository scanning in 138 ms. Found 8 JPA repository interfaces.
2026-02-07T13:42:41.309+02:00  INFO 17792 --- [startkit-app] [main] o.s.b.w.embedded.tomcat.TomcatWebServer  : Tomcat initialized with port 8080 (http)
2026-02-07T13:42:41.328+02:00  INFO 17792 --- [startkit-app] [main] o.apache.catalina.core.StandardService   : Starting service [Tomcat]
2026-02-07T13:42:41.328+02:00  INFO 17792 --- [startkit-app] [main] o.apache.catalina.core.StandardEngine    : Starting Servlet engine: [Apache Tomcat/10.1.50]
2026-02-07T13:42:41.456+02:00  INFO 17792 --- [startkit-app] [main] o.a.c.c.C.[Tomcat].[localhost].[/api]    : Initializing Spring embedded WebApplicationContext
2026-02-07T13:42:41.457+02:00  INFO 17792 --- [startkit-app] [main] w.s.c.ServletWebServerApplicationContext : Root WebApplicationContext: initialization completed in 3074 ms
2026-02-07T13:42:41.556+02:00 DEBUG 17792 --- [startkit-app] [main] c.bmglewis.security.RateLimitingFilter   : Filter 'rateLimitingFilter' configured for use
2026-02-07T13:42:41.776+02:00  INFO 17792 --- [startkit-app] [main] o.hibernate.jpa.internal.util.LogHelper  : HHH000204: Processing PersistenceUnitInfo [name: default]
2026-02-07T13:42:41.850+02:00  INFO 17792 --- [startkit-app] [main] org.hibernate.Version                    : HHH000412: Hibernate ORM core version 6.6.41.Final
2026-02-07T13:42:41.890+02:00  INFO 17792 --- [startkit-app] [main] o.h.c.internal.RegionFactoryInitiator    : HHH000026: Second-level cache disabled
2026-02-07T13:42:42.296+02:00  INFO 17792 --- [startkit-app] [main] o.s.o.j.p.SpringPersistenceUnitInfo      : No LoadTimeWeaver setup: ignoring JPA class transformer
2026-02-07T13:42:42.363+02:00  INFO 17792 --- [startkit-app] [main] com.zaxxer.hikari.HikariDataSource       : HikariPool-1 - Starting...
2026-02-07T13:42:43.752+02:00  INFO 17792 --- [startkit-app] [main] com.zaxxer.hikari.pool.HikariPool        : HikariPool-1 - Added connection com.mysql.cj.jdbc.ConnectionImpl@5709e10b
2026-02-07T13:42:43.754+02:00  INFO 17792 --- [startkit-app] [main] com.zaxxer.hikari.HikariDataSource       : HikariPool-1 - Start completed.
2026-02-07T13:42:43.827+02:00  WARN 17792 --- [startkit-app] [main] org.hibernate.orm.deprecation            : HHH90000025: MySQL8Dialect does not need to be specified explicitly using 'hibernate.dialect' (remove the property setting and it will be selected by default)
2026-02-07T13:42:43.828+02:00  WARN 17792 --- [startkit-app] [main] org.hibernate.orm.deprecation            : HHH90000026: MySQL8Dialect has been deprecated; use org.hibernate.dialect.MySQLDialect instead
2026-02-07T13:42:43.851+02:00  INFO 17792 --- [startkit-app] [main] org.hibernate.orm.connections.pooling    : HHH10001005: Database info:
	Database JDBC URL [Connecting through datasource 'HikariDataSource (HikariPool-1)']
	Database driver: undefined/unknown
	Database version: 8.0
	Autocommit mode: undefined/unknown
	Isolation level: undefined/unknown
	Minimum pool size: undefined/unknown
	Maximum pool size: undefined/unknown
2026-02-07T13:42:45.607+02:00  INFO 17792 --- [startkit-app] [main] o.h.e.t.j.p.i.JtaPlatformInitiator       : HHH000489: No JTA platform available (set 'hibernate.transaction.jta.platform' to enable JTA platform integration)
2026-02-07T13:42:47.360+02:00  INFO 17792 --- [startkit-app] [main] j.LocalContainerEntityManagerFactoryBean : Initialized JPA EntityManagerFactory for persistence unit 'default'
2026-02-07T13:42:47.771+02:00  INFO 17792 --- [startkit-app] [main] o.s.d.j.r.query.QueryEnhancerFactory     : Hibernate is in classpath; If applicable, HQL parser will be used.
2026-02-07T13:42:48.556+02:00  INFO 17792 --- [startkit-app] [main] com.bmglewis.service.JwtService          : JWT service initialized with valid secret key
2026-02-07T13:42:48.764+02:00  INFO 17792 --- [startkit-app] [main] eAuthenticationProviderManagerConfigurer : Global AuthenticationManager configured with AuthenticationProvider bean with name authenticationProvider
2026-02-07T13:42:48.765+02:00  WARN 17792 --- [startkit-app] [main] r$InitializeUserDetailsManagerConfigurer : Global AuthenticationManager configured with an AuthenticationProvider bean. UserDetailsService beans will not be used by Spring Security for automatically configuring username/password login. Consider removing the AuthenticationProvider bean. Alternatively, consider using the UserDetailsService in a manually instantiated DaoAuthenticationProvider. If the current configuration is intentional, to turn off this warning, increase the logging level of 'org.springframework.security.config.annotation.authentication.configuration.InitializeUserDetailsBeanManagerConfigurer' to ERROR
2026-02-07T13:42:49.303+02:00  WARN 17792 --- [startkit-app] [main] JpaBaseConfiguration$JpaWebConfiguration : spring.jpa.open-in-view is enabled by default. Therefore, database queries may be performed during view rendering. Explicitly configure spring.jpa.open-in-view to disable this warning
2026-02-07T13:42:49.850+02:00 DEBUG 17792 --- [startkit-app] [main] o.s.s.web.DefaultSecurityFilterChain     : Will secure any request with filters: DisableEncodeUrlFilter, WebAsyncManagerIntegrationFilter, SecurityContextHolderFilter, HeaderWriterFilter, CorsFilter, LogoutFilter, RateLimitingFilter, JwtAuthenticationFilter, RequestCacheAwareFilter, SecurityContextHolderAwareRequestFilter, AnonymousAuthenticationFilter, SessionManagementFilter, ExceptionTranslationFilter, AuthorizationFilter
2026-02-07T13:42:50.509+02:00  INFO 17792 --- [startkit-app] [main] o.s.b.w.embedded.tomcat.TomcatWebServer  : Tomcat started on port 8080 (http) with context path '/api'
2026-02-07T13:42:50.519+02:00  INFO 17792 --- [startkit-app] [main] com.bmglewis.StartKitApplication         : Started StartKitApplication in 13.37 seconds (process running for 14.918)
2026-02-07T13:42:50.632+02:00  INFO 17792 --- [startkit-app] [main] com.bmglewis.config.DataInitializer      : Initializing database with sample data...
2026-02-07T13:42:50.633+02:00  INFO 17792 --- [startkit-app] [main] com.bmglewis.config.DataInitializer      : Creating departments...
2026-02-07T13:42:50.729+02:00  INFO 17792 --- [startkit-app] [main] com.bmglewis.config.DataInitializer      : Created 7 departments
2026-02-07T13:42:50.730+02:00  INFO 17792 --- [startkit-app] [main] com.bmglewis.config.DataInitializer      : Creating permissions...
2026-02-07T13:42:50.779+02:00  INFO 17792 --- [startkit-app] [main] com.bmglewis.config.DataInitializer      : Created 18 permissions
2026-02-07T13:42:50.780+02:00  INFO 17792 --- [startkit-app] [main] com.bmglewis.config.DataInitializer      : Creating roles...
2026-02-07T13:42:50.997+02:00  INFO 17792 --- [startkit-app] [main] com.bmglewis.config.DataInitializer      : Created roles
2026-02-07T13:42:50.998+02:00  INFO 17792 --- [startkit-app] [main] com.bmglewis.config.DataInitializer      : Creating default admin user...
2026-02-07T13:42:51.613+02:00  INFO 17792 --- [startkit-app] [main] com.bmglewis.config.DataInitializer      : Created admin user: admin@bmglewis.com / Admin123!
2026-02-07T13:42:51.614+02:00  INFO 17792 --- [startkit-app] [main] com.bmglewis.config.DataInitializer      : Database initialization completed!
2026-02-07T13:42:51.614+02:00  WARN 17792 --- [startkit-app] [main] o.s.core.events.SpringDocAppInitializer  : SpringDoc /v3/api-docs endpoint is enabled by default. To disable it in production, set the property 'springdoc.api-docs.enabled=false'
2026-02-07T13:42:51.615+02:00  WARN 17792 --- [startkit-app] [main] o.s.core.events.SpringDocAppInitializer  : SpringDoc /swagger-ui.html endpoint is enabled by default. To disable it in production, set the property 'springdoc.swagger-ui.enabled=false'
2026-02-07T13:44:55.701+02:00  INFO 17792 --- [startkit-app] [http-nio-8080-exec-7] o.a.c.c.C.[Tomcat].[localhost].[/api]    : Initializing Spring DispatcherServlet 'dispatcherServlet'
2026-02-07T13:44:55.707+02:00  INFO 17792 --- [startkit-app] [http-nio-8080-exec-7] o.s.web.servlet.DispatcherServlet        : Initializing Servlet 'dispatcherServlet'
2026-02-07T13:44:55.741+02:00  INFO 17792 --- [startkit-app] [http-nio-8080-exec-7] o.s.web.servlet.DispatcherServlet        : Completed initialization in 34 ms
2026-02-07T13:44:55.803+02:00 DEBUG 17792 --- [startkit-app] [http-nio-8080-exec-7] o.s.security.web.FilterChainProxy        : Securing POST /auth/login
2026-02-07T13:44:55.846+02:00 DEBUG 17792 --- [startkit-app] [http-nio-8080-exec-7] o.s.s.w.a.AnonymousAuthenticationFilter  : Set SecurityContextHolder to anonymous SecurityContext
2026-02-07T13:44:55.854+02:00 DEBUG 17792 --- [startkit-app] [http-nio-8080-exec-7] o.s.security.web.FilterChainProxy        : Secured POST /auth/login
2026-02-07T13:44:56.241+02:00  INFO 17792 --- [startkit-app] [http-nio-8080-exec-7] com.bmglewis.service.AuthService         : Login attempt: admin@procurement.com
2026-02-07T13:44:56.438+02:00  INFO 17792 --- [startkit-app] [http-nio-8080-exec-7] c.bmglewis.service.SecurityAuditService  : Security event logged: FAILED_LOGIN for admin@procurement.com
2026-02-07T13:44:56.462+02:00  WARN 17792 --- [startkit-app] [http-nio-8080-exec-7] c.b.exception.GlobalExceptionHandler     : Invalid Credentials: Invalid credentials
2026-02-07T13:45:29.469+02:00 DEBUG 17792 --- [startkit-app] [http-nio-8080-exec-3] o.s.security.web.FilterChainProxy        : Securing POST /auth/login
2026-02-07T13:45:29.476+02:00 DEBUG 17792 --- [startkit-app] [http-nio-8080-exec-3] o.s.s.w.a.AnonymousAuthenticationFilter  : Set SecurityContextHolder to anonymous SecurityContext
2026-02-07T13:45:29.477+02:00 DEBUG 17792 --- [startkit-app] [http-nio-8080-exec-3] o.s.security.web.FilterChainProxy        : Secured POST /auth/login
2026-02-07T13:45:29.494+02:00  INFO 17792 --- [startkit-app] [http-nio-8080-exec-3] com.bmglewis.service.AuthService         : Login attempt: admin@procurement.com
2026-02-07T13:45:29.652+02:00  INFO 17792 --- [startkit-app] [http-nio-8080-exec-3] c.bmglewis.service.SecurityAuditService  : Security event logged: FAILED_LOGIN for admin@procurement.com
2026-02-07T13:45:30.272+02:00  WARN 17792 --- [startkit-app] [http-nio-8080-exec-3] c.b.exception.GlobalExceptionHandler     : Invalid Credentials: Invalid credentials
2026-02-07T13:45:50.166+02:00 DEBUG 17792 --- [startkit-app] [http-nio-8080-exec-4] o.s.security.web.FilterChainProxy        : Securing POST /auth/login
2026-02-07T13:45:50.167+02:00 DEBUG 17792 --- [startkit-app] [http-nio-8080-exec-4] o.s.s.w.a.AnonymousAuthenticationFilter  : Set SecurityContextHolder to anonymous SecurityContext
2026-02-07T13:45:50.167+02:00 DEBUG 17792 --- [startkit-app] [http-nio-8080-exec-4] o.s.security.web.FilterChainProxy        : Secured POST /auth/login
2026-02-07T13:45:50.171+02:00  INFO 17792 --- [startkit-app] [http-nio-8080-exec-4] com.bmglewis.service.AuthService         : Login attempt: admin@bmglewis.com
2026-02-07T13:45:51.085+02:00 DEBUG 17792 --- [startkit-app] [http-nio-8080-exec-4] o.s.s.a.dao.DaoAuthenticationProvider    : Authenticated user
2026-02-07T13:45:51.100+02:00  INFO 17792 --- [startkit-app] [http-nio-8080-exec-4] c.bmglewis.service.AccountLockService    : Successful login for user: admin@bmglewis.com
2026-02-07T13:45:51.275+02:00  INFO 17792 --- [startkit-app] [http-nio-8080-exec-4] c.bmglewis.service.RefreshTokenService   : Refresh token created for user: admin@bmglewis.com
2026-02-07T13:45:51.282+02:00  INFO 17792 --- [startkit-app] [http-nio-8080-exec-4] c.bmglewis.service.SecurityAuditService  : Security event logged: LOGIN for admin@bmglewis.com
2026-02-07T13:45:51.286+02:00  INFO 17792 --- [startkit-app] [http-nio-8080-exec-4] com.bmglewis.service.AuthService         : User logged in successfully: admin@bmglewis.com
2026-02-07T13:46:04.545+02:00 DEBUG 17792 --- [startkit-app] [http-nio-8080-exec-6] o.s.security.web.FilterChainProxy        : Securing GET /auth/profile
2026-02-07T13:46:04.656+02:00 DEBUG 17792 --- [startkit-app] [http-nio-8080-exec-6] c.b.security.JwtAuthenticationFilter     : User authenticated: admin@bmglewis.com
2026-02-07T13:46:04.658+02:00 DEBUG 17792 --- [startkit-app] [http-nio-8080-exec-6] o.s.security.web.FilterChainProxy        : Secured GET /auth/profile
2026-02-07T13:55:19.978+02:00 DEBUG 17792 --- [startkit-app] [http-nio-8080-exec-2] o.s.security.web.FilterChainProxy        : Securing OPTIONS /auth/forgot-password
2026-02-07T13:55:20.572+02:00 DEBUG 17792 --- [startkit-app] [http-nio-8080-exec-8] o.s.security.web.FilterChainProxy        : Securing POST /auth/forgot-password
2026-02-07T13:55:20.640+02:00 DEBUG 17792 --- [startkit-app] [http-nio-8080-exec-8] o.s.s.w.a.AnonymousAuthenticationFilter  : Set SecurityContextHolder to anonymous SecurityContext
2026-02-07T13:55:20.642+02:00 DEBUG 17792 --- [startkit-app] [http-nio-8080-exec-8] o.s.security.web.FilterChainProxy        : Secured POST /auth/forgot-password
2026-02-07T13:55:20.962+02:00  INFO 17792 --- [startkit-app] [http-nio-8080-exec-8] com.bmglewis.service.AuthService         : Password reset request for: admin@bmglewis.com
2026-02-07T13:55:22.456+02:00  INFO 17792 --- [startkit-app] [http-nio-8080-exec-8] com.bmglewis.service.EmailService        : Sending password reset email to: admin@bmglewis.com
2026-02-07T13:55:23.102+02:00 DEBUG 17792 --- [startkit-app] [http-nio-8080-exec-9] o.s.security.web.FilterChainProxy        : Securing POST /auth/forgot-password
2026-02-07T13:55:23.104+02:00 DEBUG 17792 --- [startkit-app] [http-nio-8080-exec-9] o.s.s.w.a.AnonymousAuthenticationFilter  : Set SecurityContextHolder to anonymous SecurityContext
2026-02-07T13:55:23.104+02:00 DEBUG 17792 --- [startkit-app] [http-nio-8080-exec-9] o.s.security.web.FilterChainProxy        : Secured POST /auth/forgot-password
2026-02-07T13:55:23.112+02:00  INFO 17792 --- [startkit-app] [http-nio-8080-exec-9] com.bmglewis.service.AuthService         : Password reset request for: admin@bmglewis.com
2026-02-07T13:55:30.210+02:00  INFO 17792 --- [startkit-app] [http-nio-8080-exec-8] com.bmglewis.service.EmailService        : HTML email with logo sent successfully to: admin@bmglewis.com
2026-02-07T13:55:30.238+02:00  INFO 17792 --- [startkit-app] [http-nio-8080-exec-8] c.bmglewis.service.SecurityAuditService  : Security event logged: PASSWORD_RESET for admin@bmglewis.com
2026-02-07T13:55:30.714+02:00  INFO 17792 --- [startkit-app] [http-nio-8080-exec-9] com.bmglewis.service.EmailService        : Sending password reset email to: admin@bmglewis.com
2026-02-07T13:55:35.134+02:00 ERROR 17792 --- [startkit-app] [http-nio-8080-exec-9] c.b.exception.GlobalExceptionHandler     : Unexpected error occurred: 

org.springframework.mail.MailSendException: Failed messages: org.eclipse.angus.mail.smtp.SMTPSendFailedException: 550 5.7.0 Too many emails per second. Please upgrade your plan https://mailtrap.io/billing/plans/testing
; message exceptions (1) are:
Failed message 1: org.eclipse.angus.mail.smtp.SMTPSendFailedException: 550 5.7.0 Too many emails per second. Please upgrade your plan https://mailtrap.io/billing/plans/testing

	at org.springframework.mail.javamail.JavaMailSenderImpl.doSend(JavaMailSenderImpl.java:453) ~[spring-context-support-6.2.15.jar:6.2.15]
	at org.springframework.mail.javamail.JavaMailSenderImpl.send(JavaMailSenderImpl.java:350) ~[spring-context-support-6.2.15.jar:6.2.15]
	at org.springframework.mail.javamail.JavaMailSender.send(JavaMailSender.java:101) ~[spring-context-support-6.2.15.jar:6.2.15]
	at com.bmglewis.service.EmailService.sendHtmlEmailWithLogo(EmailService.java:122) ~[classes/:na]
	at com.bmglewis.service.EmailService.sendHtmlEmail(EmailService.java:133) ~[classes/:na]
	at com.bmglewis.service.EmailService.sendPasswordResetEmail(EmailService.java:98) ~[classes/:na]
	at com.bmglewis.service.AuthService.forgotPassword(AuthService.java:332) ~[classes/:na]
	at java.base/jdk.internal.reflect.DirectMethodHandleAccessor.invoke(DirectMethodHandleAccessor.java:103) ~[na:na]
	at java.base/java.lang.reflect.Method.invoke(Method.java:580) ~[na:na]
	at org.springframework.aop.support.AopUtils.invokeJoinpointUsingReflection(AopUtils.java:360) ~[spring-aop-6.2.15.jar:6.2.15]
	at org.springframework.aop.framework.ReflectiveMethodInvocation.invokeJoinpoint(ReflectiveMethodInvocation.java:196) ~[spring-aop-6.2.15.jar:6.2.15]
	at org.springframework.aop.framework.ReflectiveMethodInvocation.proceed(ReflectiveMethodInvocation.java:163) ~[spring-aop-6.2.15.jar:6.2.15]
	at org.springframework.transaction.interceptor.TransactionAspectSupport.invokeWithinTransaction(TransactionAspectSupport.java:380) ~[spring-tx-6.2.15.jar:6.2.15]
	at org.springframework.transaction.interceptor.TransactionInterceptor.invoke(TransactionInterceptor.java:119) ~[spring-tx-6.2.15.jar:6.2.15]
	at org.springframework.aop.framework.ReflectiveMethodInvocation.proceed(ReflectiveMethodInvocation.java:184) ~[spring-aop-6.2.15.jar:6.2.15]
	at org.springframework.aop.framework.CglibAopProxy$DynamicAdvisedInterceptor.intercept(CglibAopProxy.java:728) ~[spring-aop-6.2.15.jar:6.2.15]
	at com.bmglewis.service.AuthService$$SpringCGLIB$$0.forgotPassword(<generated>) ~[classes/:na]
	at com.bmglewis.controller.AuthController.forgotPassword(AuthController.java:108) ~[classes/:na]
	at java.base/jdk.internal.reflect.DirectMethodHandleAccessor.invoke(DirectMethodHandleAccessor.java:103) ~[na:na]
	at java.base/java.lang.reflect.Method.invoke(Method.java:580) ~[na:na]
	at org.springframework.web.method.support.InvocableHandlerMethod.doInvoke(InvocableHandlerMethod.java:258) ~[spring-web-6.2.15.jar:6.2.15]
	at org.springframework.web.method.support.InvocableHandlerMethod.invokeForRequest(InvocableHandlerMethod.java:191) ~[spring-web-6.2.15.jar:6.2.15]
	at org.springframework.web.servlet.mvc.method.annotation.ServletInvocableHandlerMethod.invokeAndHandle(ServletInvocableHandlerMethod.java:118) ~[spring-webmvc-6.2.15.jar:6.2.15]
	at org.springframework.web.servlet.mvc.method.annotation.RequestMappingHandlerAdapter.invokeHandlerMethod(RequestMappingHandlerAdapter.java:991) ~[spring-webmvc-6.2.15.jar:6.2.15]
	at org.springframework.web.servlet.mvc.method.annotation.RequestMappingHandlerAdapter.handleInternal(RequestMappingHandlerAdapter.java:896) ~[spring-webmvc-6.2.15.jar:6.2.15]
	at org.springframework.web.servlet.mvc.method.AbstractHandlerMethodAdapter.handle(AbstractHandlerMethodAdapter.java:87) ~[spring-webmvc-6.2.15.jar:6.2.15]
	at org.springframework.web.servlet.DispatcherServlet.doDispatch(DispatcherServlet.java:1089) ~[spring-webmvc-6.2.15.jar:6.2.15]
	at org.springframework.web.servlet.DispatcherServlet.doService(DispatcherServlet.java:979) ~[spring-webmvc-6.2.15.jar:6.2.15]
	at org.springframework.web.servlet.FrameworkServlet.processRequest(FrameworkServlet.java:1014) ~[spring-webmvc-6.2.15.jar:6.2.15]
	at org.springframework.web.servlet.FrameworkServlet.doPost(FrameworkServlet.java:914) ~[spring-webmvc-6.2.15.jar:6.2.15]
	at jakarta.servlet.http.HttpServlet.service(HttpServlet.java:590) ~[tomcat-embed-core-10.1.50.jar:6.0]
	at org.springframework.web.servlet.FrameworkServlet.service(FrameworkServlet.java:885) ~[spring-webmvc-6.2.15.jar:6.2.15]
	at jakarta.servlet.http.HttpServlet.service(HttpServlet.java:658) ~[tomcat-embed-core-10.1.50.jar:6.0]
	at org.apache.catalina.core.ApplicationFilterChain.internalDoFilter(ApplicationFilterChain.java:193) ~[tomcat-embed-core-10.1.50.jar:10.1.50]
	at org.apache.catalina.core.ApplicationFilterChain.doFilter(ApplicationFilterChain.java:138) ~[tomcat-embed-core-10.1.50.jar:10.1.50]
	at org.apache.tomcat.websocket.server.WsFilter.doFilter(WsFilter.java:51) ~[tomcat-embed-websocket-10.1.50.jar:10.1.50]
	at org.apache.catalina.core.ApplicationFilterChain.internalDoFilter(ApplicationFilterChain.java:162) ~[tomcat-embed-core-10.1.50.jar:10.1.50]
	at org.apache.catalina.core.ApplicationFilterChain.doFilter(ApplicationFilterChain.java:138) ~[tomcat-embed-core-10.1.50.jar:10.1.50]
	at org.springframework.web.filter.OncePerRequestFilter.doFilter(OncePerRequestFilter.java:110) ~[spring-web-6.2.15.jar:6.2.15]
	at org.apache.catalina.core.ApplicationFilterChain.internalDoFilter(ApplicationFilterChain.java:162) ~[tomcat-embed-core-10.1.50.jar:10.1.50]
	at org.apache.catalina.core.ApplicationFilterChain.doFilter(ApplicationFilterChain.java:138) ~[tomcat-embed-core-10.1.50.jar:10.1.50]
	at org.springframework.web.servlet.resource.ResourceUrlEncodingFilter.doFilter(ResourceUrlEncodingFilter.java:66) ~[spring-webmvc-6.2.15.jar:6.2.15]
	at org.apache.catalina.core.ApplicationFilterChain.internalDoFilter(ApplicationFilterChain.java:162) ~[tomcat-embed-core-10.1.50.jar:10.1.50]
	at org.apache.catalina.core.ApplicationFilterChain.doFilter(ApplicationFilterChain.java:138) ~[tomcat-embed-core-10.1.50.jar:10.1.50]
	at org.springframework.web.filter.CompositeFilter$VirtualFilterChain.doFilter(CompositeFilter.java:108) ~[spring-web-6.2.15.jar:6.2.15]
	at org.springframework.web.filter.CompositeFilter$VirtualFilterChain.doFilter(CompositeFilter.java:108) ~[spring-web-6.2.15.jar:6.2.15]
	at org.springframework.security.web.FilterChainProxy.lambda$doFilterInternal$3(FilterChainProxy.java:231) ~[spring-security-web-6.5.7.jar:6.5.7]
	at org.springframework.security.web.FilterChainProxy$VirtualFilterChain.doFilter(FilterChainProxy.java:365) ~[spring-security-web-6.5.7.jar:6.5.7]
	at org.springframework.security.web.access.intercept.AuthorizationFilter.doFilter(AuthorizationFilter.java:101) ~[spring-security-web-6.5.7.jar:6.5.7]
	at org.springframework.security.web.FilterChainProxy$VirtualFilterChain.doFilter(FilterChainProxy.java:374) ~[spring-security-web-6.5.7.jar:6.5.7]
	at org.springframework.security.web.access.ExceptionTranslationFilter.doFilter(ExceptionTranslationFilter.java:125) ~[spring-security-web-6.5.7.jar:6.5.7]
	at org.springframework.security.web.access.ExceptionTranslationFilter.doFilter(ExceptionTranslationFilter.java:119) ~[spring-security-web-6.5.7.jar:6.5.7]
	at org.springframework.security.web.FilterChainProxy$VirtualFilterChain.doFilter(FilterChainProxy.java:374) ~[spring-security-web-6.5.7.jar:6.5.7]
	at org.springframework.security.web.session.SessionManagementFilter.doFilter(SessionManagementFilter.java:131) ~[spring-security-web-6.5.7.jar:6.5.7]
	at org.springframework.security.web.session.SessionManagementFilter.doFilter(SessionManagementFilter.java:85) ~[spring-security-web-6.5.7.jar:6.5.7]
	at org.springframework.security.web.FilterChainProxy$VirtualFilterChain.doFilter(FilterChainProxy.java:374) ~[spring-security-web-6.5.7.jar:6.5.7]
	at org.springframework.security.web.authentication.AnonymousAuthenticationFilter.doFilter(AnonymousAuthenticationFilter.java:100) ~[spring-security-web-6.5.7.jar:6.5.7]
	at org.springframework.security.web.FilterChainProxy$VirtualFilterChain.doFilter(FilterChainProxy.java:374) ~[spring-security-web-6.5.7.jar:6.5.7]
	at org.springframework.security.web.servletapi.SecurityContextHolderAwareRequestFilter.doFilter(SecurityContextHolderAwareRequestFilter.java:179) ~[spring-security-web-6.5.7.jar:6.5.7]
	at org.springframework.security.web.FilterChainProxy$VirtualFilterChain.doFilter(FilterChainProxy.java:374) ~[spring-security-web-6.5.7.jar:6.5.7]
	at org.springframework.security.web.savedrequest.RequestCacheAwareFilter.doFilter(RequestCacheAwareFilter.java:63) ~[spring-security-web-6.5.7.jar:6.5.7]
	at org.springframework.security.web.FilterChainProxy$VirtualFilterChain.doFilter(FilterChainProxy.java:374) ~[spring-security-web-6.5.7.jar:6.5.7]
	at com.bmglewis.security.JwtAuthenticationFilter.doFilterInternal(JwtAuthenticationFilter.java:62) ~[classes/:na]
	at org.springframework.web.filter.OncePerRequestFilter.doFilter(OncePerRequestFilter.java:116) ~[spring-web-6.2.15.jar:6.2.15]
	at org.springframework.security.web.FilterChainProxy$VirtualFilterChain.doFilter(FilterChainProxy.java:374) ~[spring-security-web-6.5.7.jar:6.5.7]
	at com.bmglewis.security.RateLimitingFilter.doFilterInternal(RateLimitingFilter.java:80) ~[classes/:na]
	at org.springframework.web.filter.OncePerRequestFilter.doFilter(OncePerRequestFilter.java:116) ~[spring-web-6.2.15.jar:6.2.15]
	at org.springframework.security.web.FilterChainProxy$VirtualFilterChain.doFilter(FilterChainProxy.java:374) ~[spring-security-web-6.5.7.jar:6.5.7]
	at org.springframework.security.web.authentication.logout.LogoutFilter.doFilter(LogoutFilter.java:107) ~[spring-security-web-6.5.7.jar:6.5.7]
	at org.springframework.security.web.authentication.logout.LogoutFilter.doFilter(LogoutFilter.java:93) ~[spring-security-web-6.5.7.jar:6.5.7]
	at org.springframework.security.web.FilterChainProxy$VirtualFilterChain.doFilter(FilterChainProxy.java:374) ~[spring-security-web-6.5.7.jar:6.5.7]
	at org.springframework.web.filter.CorsFilter.doFilterInternal(CorsFilter.java:91) ~[spring-web-6.2.15.jar:6.2.15]
	at org.springframework.web.filter.OncePerRequestFilter.doFilter(OncePerRequestFilter.java:116) ~[spring-web-6.2.15.jar:6.2.15]
	at org.springframework.security.web.FilterChainProxy$VirtualFilterChain.doFilter(FilterChainProxy.java:374) ~[spring-security-web-6.5.7.jar:6.5.7]
	at org.springframework.security.web.header.HeaderWriterFilter.doHeadersAfter(HeaderWriterFilter.java:90) ~[spring-security-web-6.5.7.jar:6.5.7]
	at org.springframework.security.web.header.HeaderWriterFilter.doFilterInternal(HeaderWriterFilter.java:75) ~[spring-security-web-6.5.7.jar:6.5.7]
	at org.springframework.web.filter.OncePerRequestFilter.doFilter(OncePerRequestFilter.java:116) ~[spring-web-6.2.15.jar:6.2.15]
	at org.springframework.security.web.FilterChainProxy$VirtualFilterChain.doFilter(FilterChainProxy.java:374) ~[spring-security-web-6.5.7.jar:6.5.7]
	at org.springframework.security.web.context.SecurityContextHolderFilter.doFilter(SecurityContextHolderFilter.java:82) ~[spring-security-web-6.5.7.jar:6.5.7]
	at org.springframework.security.web.context.SecurityContextHolderFilter.doFilter(SecurityContextHolderFilter.java:69) ~[spring-security-web-6.5.7.jar:6.5.7]
	at org.springframework.security.web.FilterChainProxy$VirtualFilterChain.doFilter(FilterChainProxy.java:374) ~[spring-security-web-6.5.7.jar:6.5.7]
	at org.springframework.security.web.context.request.async.WebAsyncManagerIntegrationFilter.doFilterInternal(WebAsyncManagerIntegrationFilter.java:62) ~[spring-security-web-6.5.7.jar:6.5.7]
	at org.springframework.web.filter.OncePerRequestFilter.doFilter(OncePerRequestFilter.java:116) ~[spring-web-6.2.15.jar:6.2.15]
	at org.springframework.security.web.FilterChainProxy$VirtualFilterChain.doFilter(FilterChainProxy.java:374) ~[spring-security-web-6.5.7.jar:6.5.7]
	at org.springframework.security.web.session.DisableEncodeUrlFilter.doFilterInternal(DisableEncodeUrlFilter.java:42) ~[spring-security-web-6.5.7.jar:6.5.7]
	at org.springframework.web.filter.OncePerRequestFilter.doFilter(OncePerRequestFilter.java:116) ~[spring-web-6.2.15.jar:6.2.15]
	at org.springframework.security.web.FilterChainProxy$VirtualFilterChain.doFilter(FilterChainProxy.java:374) ~[spring-security-web-6.5.7.jar:6.5.7]
	at org.springframework.security.web.FilterChainProxy.doFilterInternal(FilterChainProxy.java:233) ~[spring-security-web-6.5.7.jar:6.5.7]
	at org.springframework.security.web.FilterChainProxy.doFilter(FilterChainProxy.java:191) ~[spring-security-web-6.5.7.jar:6.5.7]
	at org.springframework.web.filter.CompositeFilter$VirtualFilterChain.doFilter(CompositeFilter.java:113) ~[spring-web-6.2.15.jar:6.2.15]
	at org.springframework.web.filter.ServletRequestPathFilter.doFilter(ServletRequestPathFilter.java:52) ~[spring-web-6.2.15.jar:6.2.15]
	at org.springframework.web.filter.CompositeFilter$VirtualFilterChain.doFilter(CompositeFilter.java:113) ~[spring-web-6.2.15.jar:6.2.15]
	at org.springframework.web.filter.CompositeFilter.doFilter(CompositeFilter.java:74) ~[spring-web-6.2.15.jar:6.2.15]
	at org.springframework.security.config.annotation.web.configuration.WebSecurityConfiguration$CompositeFilterChainProxy.doFilter(WebSecurityConfiguration.java:319) ~[spring-security-config-6.5.7.jar:6.5.7]
	at org.springframework.web.filter.CompositeFilter$VirtualFilterChain.doFilter(CompositeFilter.java:113) ~[spring-web-6.2.15.jar:6.2.15]
	at org.springframework.web.servlet.handler.HandlerMappingIntrospector.lambda$createCacheFilter$4(HandlerMappingIntrospector.java:267) ~[spring-webmvc-6.2.15.jar:6.2.15]
	at org.springframework.web.filter.CompositeFilter$VirtualFilterChain.doFilter(CompositeFilter.java:113) ~[spring-web-6.2.15.jar:6.2.15]
	at org.springframework.web.filter.CompositeFilter.doFilter(CompositeFilter.java:74) ~[spring-web-6.2.15.jar:6.2.15]
	at org.springframework.security.config.annotation.web.configuration.WebMvcSecurityConfiguration$CompositeFilterChainProxy.doFilter(WebMvcSecurityConfiguration.java:240) ~[spring-security-config-6.5.7.jar:6.5.7]
	at org.springframework.web.filter.DelegatingFilterProxy.invokeDelegate(DelegatingFilterProxy.java:362) ~[spring-web-6.2.15.jar:6.2.15]
	at org.springframework.web.filter.DelegatingFilterProxy.doFilter(DelegatingFilterProxy.java:278) ~[spring-web-6.2.15.jar:6.2.15]
	at org.apache.catalina.core.ApplicationFilterChain.internalDoFilter(ApplicationFilterChain.java:162) ~[tomcat-embed-core-10.1.50.jar:10.1.50]
	at org.apache.catalina.core.ApplicationFilterChain.doFilter(ApplicationFilterChain.java:138) ~[tomcat-embed-core-10.1.50.jar:10.1.50]
	at org.springframework.web.filter.RequestContextFilter.doFilterInternal(RequestContextFilter.java:100) ~[spring-web-6.2.15.jar:6.2.15]
	at org.springframework.web.filter.OncePerRequestFilter.doFilter(OncePerRequestFilter.java:116) ~[spring-web-6.2.15.jar:6.2.15]
	at org.apache.catalina.core.ApplicationFilterChain.internalDoFilter(ApplicationFilterChain.java:162) ~[tomcat-embed-core-10.1.50.jar:10.1.50]
	at org.apache.catalina.core.ApplicationFilterChain.doFilter(ApplicationFilterChain.java:138) ~[tomcat-embed-core-10.1.50.jar:10.1.50]
	at org.springframework.web.filter.FormContentFilter.doFilterInternal(FormContentFilter.java:93) ~[spring-web-6.2.15.jar:6.2.15]
	at org.springframework.web.filter.OncePerRequestFilter.doFilter(OncePerRequestFilter.java:116) ~[spring-web-6.2.15.jar:6.2.15]
	at org.apache.catalina.core.ApplicationFilterChain.internalDoFilter(ApplicationFilterChain.java:162) ~[tomcat-embed-core-10.1.50.jar:10.1.50]
	at org.apache.catalina.core.ApplicationFilterChain.doFilter(ApplicationFilterChain.java:138) ~[tomcat-embed-core-10.1.50.jar:10.1.50]
	at org.springframework.web.filter.CharacterEncodingFilter.doFilterInternal(CharacterEncodingFilter.java:201) ~[spring-web-6.2.15.jar:6.2.15]
	at org.springframework.web.filter.OncePerRequestFilter.doFilter(OncePerRequestFilter.java:116) ~[spring-web-6.2.15.jar:6.2.15]
	at org.apache.catalina.core.ApplicationFilterChain.internalDoFilter(ApplicationFilterChain.java:162) ~[tomcat-embed-core-10.1.50.jar:10.1.50]
	at org.apache.catalina.core.ApplicationFilterChain.doFilter(ApplicationFilterChain.java:138) ~[tomcat-embed-core-10.1.50.jar:10.1.50]
	at org.apache.catalina.core.StandardWrapperValve.invoke(StandardWrapperValve.java:165) ~[tomcat-embed-core-10.1.50.jar:10.1.50]
	at org.apache.catalina.core.StandardContextValve.invoke(StandardContextValve.java:88) ~[tomcat-embed-core-10.1.50.jar:10.1.50]
	at org.apache.catalina.authenticator.AuthenticatorBase.invoke(AuthenticatorBase.java:482) ~[tomcat-embed-core-10.1.50.jar:10.1.50]
	at org.apache.catalina.core.StandardHostValve.invoke(StandardHostValve.java:113) ~[tomcat-embed-core-10.1.50.jar:10.1.50]
	at org.apache.catalina.valves.ErrorReportValve.invoke(ErrorReportValve.java:83) ~[tomcat-embed-core-10.1.50.jar:10.1.50]
	at org.apache.catalina.core.StandardEngineValve.invoke(StandardEngineValve.java:72) ~[tomcat-embed-core-10.1.50.jar:10.1.50]
	at org.apache.catalina.connector.CoyoteAdapter.service(CoyoteAdapter.java:342) ~[tomcat-embed-core-10.1.50.jar:10.1.50]
	at org.apache.coyote.http11.Http11Processor.service(Http11Processor.java:399) ~[tomcat-embed-core-10.1.50.jar:10.1.50]
	at org.apache.coyote.AbstractProcessorLight.process(AbstractProcessorLight.java:63) ~[tomcat-embed-core-10.1.50.jar:10.1.50]
	at org.apache.coyote.AbstractProtocol$ConnectionHandler.process(AbstractProtocol.java:903) ~[tomcat-embed-core-10.1.50.jar:10.1.50]
	at org.apache.tomcat.util.net.NioEndpoint$SocketProcessor.doRun(NioEndpoint.java:1774) ~[tomcat-embed-core-10.1.50.jar:10.1.50]
	at org.apache.tomcat.util.net.SocketProcessorBase.run(SocketProcessorBase.java:52) ~[tomcat-embed-core-10.1.50.jar:10.1.50]
	at org.apache.tomcat.util.threads.ThreadPoolExecutor.runWorker(ThreadPoolExecutor.java:973) ~[tomcat-embed-core-10.1.50.jar:10.1.50]
	at org.apache.tomcat.util.threads.ThreadPoolExecutor$Worker.run(ThreadPoolExecutor.java:491) ~[tomcat-embed-core-10.1.50.jar:10.1.50]
	at org.apache.tomcat.util.threads.TaskThread$WrappingRunnable.run(TaskThread.java:63) ~[tomcat-embed-core-10.1.50.jar:10.1.50]
	at java.base/java.lang.Thread.run(Thread.java:1583) ~[na:na]

2026-02-07T13:57:42.487+02:00 DEBUG 17792 --- [startkit-app] [http-nio-8080-exec-1] o.s.security.web.FilterChainProxy        : Securing OPTIONS /auth/reset-password
2026-02-07T13:57:42.619+02:00 DEBUG 17792 --- [startkit-app] [http-nio-8080-exec-1] o.s.security.web.FilterChainProxy        : Securing POST /auth/reset-password
2026-02-07T13:57:42.643+02:00 DEBUG 17792 --- [startkit-app] [http-nio-8080-exec-1] o.s.s.w.a.AnonymousAuthenticationFilter  : Set SecurityContextHolder to anonymous SecurityContext
2026-02-07T13:57:42.647+02:00 DEBUG 17792 --- [startkit-app] [http-nio-8080-exec-1] o.s.security.web.FilterChainProxy        : Secured POST /auth/reset-password
2026-02-07T13:57:43.182+02:00  INFO 17792 --- [startkit-app] [http-nio-8080-exec-1] com.bmglewis.service.AuthService         : Password reset for: admin@bmglewis.com
2026-02-07T13:57:44.986+02:00  INFO 17792 --- [startkit-app] [http-nio-8080-exec-1] c.bmglewis.service.SecurityAuditService  : Security event logged: TOKEN_REVOCATION for admin@bmglewis.com
2026-02-07T13:57:44.996+02:00  INFO 17792 --- [startkit-app] [http-nio-8080-exec-1] c.bmglewis.service.RefreshTokenService   : All refresh tokens revoked for user: admin@bmglewis.com
2026-02-07T13:57:45.001+02:00  INFO 17792 --- [startkit-app] [http-nio-8080-exec-1] c.bmglewis.service.SecurityAuditService  : Security event logged: PASSWORD_RESET for admin@bmglewis.com
2026-02-07T13:57:50.717+02:00 DEBUG 17792 --- [startkit-app] [http-nio-8080-exec-3] o.s.security.web.FilterChainProxy        : Securing OPTIONS /auth/login
2026-02-07T13:57:50.723+02:00 DEBUG 17792 --- [startkit-app] [http-nio-8080-exec-4] o.s.security.web.FilterChainProxy        : Securing POST /auth/login
2026-02-07T13:57:50.723+02:00 DEBUG 17792 --- [startkit-app] [http-nio-8080-exec-4] o.s.s.w.a.AnonymousAuthenticationFilter  : Set SecurityContextHolder to anonymous SecurityContext
2026-02-07T13:57:50.724+02:00 DEBUG 17792 --- [startkit-app] [http-nio-8080-exec-4] o.s.security.web.FilterChainProxy        : Secured POST /auth/login
2026-02-07T13:57:50.732+02:00  INFO 17792 --- [startkit-app] [http-nio-8080-exec-4] com.bmglewis.service.AuthService         : Login attempt: admin@bmglewis.com
2026-02-07T13:57:51.159+02:00 DEBUG 17792 --- [startkit-app] [http-nio-8080-exec-4] o.s.s.a.dao.DaoAuthenticationProvider    : Authenticated user
2026-02-07T13:57:51.160+02:00  INFO 17792 --- [startkit-app] [http-nio-8080-exec-4] c.bmglewis.service.AccountLockService    : Successful login for user: admin@bmglewis.com
2026-02-07T13:57:51.170+02:00  INFO 17792 --- [startkit-app] [http-nio-8080-exec-4] c.bmglewis.service.RefreshTokenService   : Refresh token created for user: admin@bmglewis.com
2026-02-07T13:57:51.175+02:00  INFO 17792 --- [startkit-app] [http-nio-8080-exec-4] c.bmglewis.service.SecurityAuditService  : Security event logged: LOGIN for admin@bmglewis.com
2026-02-07T13:57:51.179+02:00  INFO 17792 --- [startkit-app] [http-nio-8080-exec-4] com.bmglewis.service.AuthService         : User logged in successfully: admin@bmglewis.com
2026-02-07T13:57:57.729+02:00 DEBUG 17792 --- [startkit-app] [http-nio-8080-exec-6] o.s.security.web.FilterChainProxy        : Securing POST /auth/logout
2026-02-07T13:57:57.741+02:00 DEBUG 17792 --- [startkit-app] [http-nio-8080-exec-6] c.b.security.JwtAuthenticationFilter     : User authenticated: admin@bmglewis.com
2026-02-07T13:57:57.742+02:00 DEBUG 17792 --- [startkit-app] [http-nio-8080-exec-6] o.s.security.web.FilterChainProxy        : Secured POST /auth/logout
2026-02-07T13:57:57.744+02:00  INFO 17792 --- [startkit-app] [http-nio-8080-exec-6] com.bmglewis.service.AuthService         : Logout request for user: admin@bmglewis.com
2026-02-07T13:57:57.753+02:00  INFO 17792 --- [startkit-app] [http-nio-8080-exec-6] c.bmglewis.service.RefreshTokenService   : Refresh token revoked for user: admin@bmglewis.com
2026-02-07T13:57:57.757+02:00  INFO 17792 --- [startkit-app] [http-nio-8080-exec-6] c.bmglewis.service.SecurityAuditService  : Security event logged: LOGOUT for admin@bmglewis.com
2026-02-07T14:00:42.057+02:00  INFO 17792 --- [startkit-app] [SpringApplicationShutdownHook] o.s.b.w.e.tomcat.GracefulShutdown        : Commencing graceful shutdown. Waiting for active requests to complete
2026-02-07T14:00:42.364+02:00  INFO 17792 --- [startkit-app] [tomcat-shutdown] o.s.b.w.e.tomcat.GracefulShutdown        : Graceful shutdown complete
2026-02-07T14:00:42.568+02:00  INFO 17792 --- [startkit-app] [SpringApplicationShutdownHook] j.LocalContainerEntityManagerFactoryBean : Closing JPA EntityManagerFactory for persistence unit 'default'
2026-02-07T14:00:43.314+02:00  INFO 17792 --- [startkit-app] [SpringApplicationShutdownHook] com.zaxxer.hikari.HikariDataSource       : HikariPool-1 - Shutdown initiated...
2026-02-07T14:00:43.411+02:00  INFO 17792 --- [startkit-app] [SpringApplicationShutdownHook] com.zaxxer.hikari.HikariDataSource       : HikariPool-1 - Shutdown completed.
